,images,labels
0,10fbaa17-7dd3-434a-96c5-4ba7a111960b_FRM_011840_of_036003.jpg,10fbaa17-7dd3-434a-96c5-4ba7a111960b_FRM_011840_of_036003.txt
1,10fbaa17-7dd3-434a-96c5-4ba7a111960b_FRM_011920_of_036003.jpg,10fbaa17-7dd3-434a-96c5-4ba7a111960b_FRM_011920_of_036003.txt
2,10fbaa17-7dd3-434a-96c5-4ba7a111960b_FRM_017360_of_036003.jpg,10fbaa17-7dd3-434a-96c5-4ba7a111960b_FRM_017360_of_036003.txt
3,10fbaa17-7dd3-434a-96c5-4ba7a111960b_FRM_017840_of_036003.jpg,10fbaa17-7dd3-434a-96c5-4ba7a111960b_FRM_017840_of_036003.txt
4,10fbaa17-7dd3-434a-96c5-4ba7a111960b_FRM_018100_of_036003.jpg,10fbaa17-7dd3-434a-96c5-4ba7a111960b_FRM_018100_of_036003.txt
5,10fbaa17-7dd3-434a-96c5-4ba7a111960b_FRM_019340_of_036003.jpg,10fbaa17-7dd3-434a-96c5-4ba7a111960b_FRM_019340_of_036003.txt
6,10fbaa17-7dd3-434a-96c5-4ba7a111960b_FRM_020200_of_036003.jpg,10fbaa17-7dd3-434a-96c5-4ba7a111960b_FRM_020200_of_036003.txt
7,16cd8b3d-6fb1-4de4-a166-73ad4f8fb372_FRM_000100_of_003740.jpg,16cd8b3d-6fb1-4de4-a166-73ad4f8fb372_FRM_000100_of_003740.txt
8,16cd8b3d-6fb1-4de4-a166-73ad4f8fb372_FRM_000540_of_003740.jpg,16cd8b3d-6fb1-4de4-a166-73ad4f8fb372_FRM_000540_of_003740.txt
9,16cd8b3d-6fb1-4de4-a166-73ad4f8fb372_FRM_001440_of_003740.jpg,16cd8b3d-6fb1-4de4-a166-73ad4f8fb372_FRM_001440_of_003740.txt
10,16cd8b3d-6fb1-4de4-a166-73ad4f8fb372_FRM_001980_of_003740.jpg,16cd8b3d-6fb1-4de4-a166-73ad4f8fb372_FRM_001980_of_003740.txt
11,16cd8b3d-6fb1-4de4-a166-73ad4f8fb372_FRM_002520_of_003740.jpg,16cd8b3d-6fb1-4de4-a166-73ad4f8fb372_FRM_002520_of_003740.txt
12,16cd8b3d-6fb1-4de4-a166-73ad4f8fb372_FRM_003520_of_003740.jpg,16cd8b3d-6fb1-4de4-a166-73ad4f8fb372_FRM_003520_of_003740.txt
13,33e8559b-25f2-400b-99bb-c6f4e681fc90_FRM_000700_of_009977.jpg,33e8559b-25f2-400b-99bb-c6f4e681fc90_FRM_000700_of_009977.txt
14,33e8559b-25f2-400b-99bb-c6f4e681fc90_FRM_001220_of_009977.jpg,33e8559b-25f2-400b-99bb-c6f4e681fc90_FRM_001220_of_009977.txt
15,33e8559b-25f2-400b-99bb-c6f4e681fc90_FRM_001960_of_009977.jpg,33e8559b-25f2-400b-99bb-c6f4e681fc90_FRM_001960_of_009977.txt
16,33e8559b-25f2-400b-99bb-c6f4e681fc90_FRM_002060_of_009977.jpg,33e8559b-25f2-400b-99bb-c6f4e681fc90_FRM_002060_of_009977.txt
17,33e8559b-25f2-400b-99bb-c6f4e681fc90_FRM_002300_of_009977.jpg,33e8559b-25f2-400b-99bb-c6f4e681fc90_FRM_002300_of_009977.txt
18,33e8559b-25f2-400b-99bb-c6f4e681fc90_FRM_002620_of_009977.jpg,33e8559b-25f2-400b-99bb-c6f4e681fc90_FRM_002620_of_009977.txt
19,33e8559b-25f2-400b-99bb-c6f4e681fc90_FRM_003160_of_009977.jpg,33e8559b-25f2-400b-99bb-c6f4e681fc90_FRM_003160_of_009977.txt
20,33e8559b-25f2-400b-99bb-c6f4e681fc90_FRM_003740_of_009977.jpg,33e8559b-25f2-400b-99bb-c6f4e681fc90_FRM_003740_of_009977.txt
21,33e8559b-25f2-400b-99bb-c6f4e681fc90_FRM_003780_of_009977.jpg,33e8559b-25f2-400b-99bb-c6f4e681fc90_FRM_003780_of_009977.txt
22,33e8559b-25f2-400b-99bb-c6f4e681fc90_FRM_003820_of_009977.jpg,33e8559b-25f2-400b-99bb-c6f4e681fc90_FRM_003820_of_009977.txt
23,33e8559b-25f2-400b-99bb-c6f4e681fc90_FRM_003840_of_009977.jpg,33e8559b-25f2-400b-99bb-c6f4e681fc90_FRM_003840_of_009977.txt
24,33e8559b-25f2-400b-99bb-c6f4e681fc90_FRM_003860_of_009977.jpg,33e8559b-25f2-400b-99bb-c6f4e681fc90_FRM_003860_of_009977.txt
25,33e8559b-25f2-400b-99bb-c6f4e681fc90_FRM_004440_of_009977.jpg,33e8559b-25f2-400b-99bb-c6f4e681fc90_FRM_004440_of_009977.txt
26,33e8559b-25f2-400b-99bb-c6f4e681fc90_FRM_004460_of_009977.jpg,33e8559b-25f2-400b-99bb-c6f4e681fc90_FRM_004460_of_009977.txt
27,33e8559b-25f2-400b-99bb-c6f4e681fc90_FRM_004560_of_009977.jpg,33e8559b-25f2-400b-99bb-c6f4e681fc90_FRM_004560_of_009977.txt
28,33e8559b-25f2-400b-99bb-c6f4e681fc90_FRM_004680_of_009977.jpg,33e8559b-25f2-400b-99bb-c6f4e681fc90_FRM_004680_of_009977.txt
29,33e8559b-25f2-400b-99bb-c6f4e681fc90_FRM_004980_of_009977.jpg,33e8559b-25f2-400b-99bb-c6f4e681fc90_FRM_004980_of_009977.txt
30,33e8559b-25f2-400b-99bb-c6f4e681fc90_FRM_005100_of_009977.jpg,33e8559b-25f2-400b-99bb-c6f4e681fc90_FRM_005100_of_009977.txt
31,33e8559b-25f2-400b-99bb-c6f4e681fc90_FRM_005120_of_009977.jpg,33e8559b-25f2-400b-99bb-c6f4e681fc90_FRM_005120_of_009977.txt
32,33e8559b-25f2-400b-99bb-c6f4e681fc90_FRM_005880_of_009977.jpg,33e8559b-25f2-400b-99bb-c6f4e681fc90_FRM_005880_of_009977.txt
33,33e8559b-25f2-400b-99bb-c6f4e681fc90_FRM_006240_of_009977.jpg,33e8559b-25f2-400b-99bb-c6f4e681fc90_FRM_006240_of_009977.txt
34,33e8559b-25f2-400b-99bb-c6f4e681fc90_FRM_006400_of_009977.jpg,33e8559b-25f2-400b-99bb-c6f4e681fc90_FRM_006400_of_009977.txt
35,33e8559b-25f2-400b-99bb-c6f4e681fc90_FRM_007520_of_009977.jpg,33e8559b-25f2-400b-99bb-c6f4e681fc90_FRM_007520_of_009977.txt
36,33e8559b-25f2-400b-99bb-c6f4e681fc90_FRM_007540_of_009977.jpg,33e8559b-25f2-400b-99bb-c6f4e681fc90_FRM_007540_of_009977.txt
37,33e8559b-25f2-400b-99bb-c6f4e681fc90_FRM_007600_of_009977.jpg,33e8559b-25f2-400b-99bb-c6f4e681fc90_FRM_007600_of_009977.txt
38,33e8559b-25f2-400b-99bb-c6f4e681fc90_FRM_007760_of_009977.jpg,33e8559b-25f2-400b-99bb-c6f4e681fc90_FRM_007760_of_009977.txt
39,33e8559b-25f2-400b-99bb-c6f4e681fc90_FRM_007780_of_009977.jpg,33e8559b-25f2-400b-99bb-c6f4e681fc90_FRM_007780_of_009977.txt
40,33e8559b-25f2-400b-99bb-c6f4e681fc90_FRM_008060_of_009977.jpg,33e8559b-25f2-400b-99bb-c6f4e681fc90_FRM_008060_of_009977.txt
41,33e8559b-25f2-400b-99bb-c6f4e681fc90_FRM_008120_of_009977.jpg,33e8559b-25f2-400b-99bb-c6f4e681fc90_FRM_008120_of_009977.txt
42,33e8559b-25f2-400b-99bb-c6f4e681fc90_FRM_008140_of_009977.jpg,33e8559b-25f2-400b-99bb-c6f4e681fc90_FRM_008140_of_009977.txt
43,33e8559b-25f2-400b-99bb-c6f4e681fc90_FRM_009420_of_009977.jpg,33e8559b-25f2-400b-99bb-c6f4e681fc90_FRM_009420_of_009977.txt
44,33e8559b-25f2-400b-99bb-c6f4e681fc90_FRM_009640_of_009977.jpg,33e8559b-25f2-400b-99bb-c6f4e681fc90_FRM_009640_of_009977.txt
45,33e8559b-25f2-400b-99bb-c6f4e681fc90_FRM_009860_of_009977.jpg,33e8559b-25f2-400b-99bb-c6f4e681fc90_FRM_009860_of_009977.txt
46,54b80366-3954-46f1-b0d8-a7faad36161a_FRM_000000_of_010493.jpg,54b80366-3954-46f1-b0d8-a7faad36161a_FRM_000000_of_010493.txt
47,54b80366-3954-46f1-b0d8-a7faad36161a_FRM_000480_of_010493.jpg,54b80366-3954-46f1-b0d8-a7faad36161a_FRM_000480_of_010493.txt
48,54b80366-3954-46f1-b0d8-a7faad36161a_FRM_001580_of_010493.jpg,54b80366-3954-46f1-b0d8-a7faad36161a_FRM_001580_of_010493.txt
49,54b80366-3954-46f1-b0d8-a7faad36161a_FRM_002400_of_010493.jpg,54b80366-3954-46f1-b0d8-a7faad36161a_FRM_002400_of_010493.txt
50,54b80366-3954-46f1-b0d8-a7faad36161a_FRM_002500_of_010493.jpg,54b80366-3954-46f1-b0d8-a7faad36161a_FRM_002500_of_010493.txt
51,54b80366-3954-46f1-b0d8-a7faad36161a_FRM_003200_of_010493.jpg,54b80366-3954-46f1-b0d8-a7faad36161a_FRM_003200_of_010493.txt
52,54b80366-3954-46f1-b0d8-a7faad36161a_FRM_003780_of_010493.jpg,54b80366-3954-46f1-b0d8-a7faad36161a_FRM_003780_of_010493.txt
53,54b80366-3954-46f1-b0d8-a7faad36161a_FRM_004500_of_010493.jpg,54b80366-3954-46f1-b0d8-a7faad36161a_FRM_004500_of_010493.txt
54,54b80366-3954-46f1-b0d8-a7faad36161a_FRM_004560_of_010493.jpg,54b80366-3954-46f1-b0d8-a7faad36161a_FRM_004560_of_010493.txt
55,9c9a98b3-6913-41e3-9ca1-442a515497b1_FRM_000940_of_005622.jpg,9c9a98b3-6913-41e3-9ca1-442a515497b1_FRM_000940_of_005622.txt
56,9c9a98b3-6913-41e3-9ca1-442a515497b1_FRM_001180_of_005622.jpg,9c9a98b3-6913-41e3-9ca1-442a515497b1_FRM_001180_of_005622.txt
57,9c9a98b3-6913-41e3-9ca1-442a515497b1_FRM_001500_of_005622.jpg,9c9a98b3-6913-41e3-9ca1-442a515497b1_FRM_001500_of_005622.txt
58,9c9a98b3-6913-41e3-9ca1-442a515497b1_FRM_001920_of_005622.jpg,9c9a98b3-6913-41e3-9ca1-442a515497b1_FRM_001920_of_005622.txt
59,9c9a98b3-6913-41e3-9ca1-442a515497b1_FRM_001940_of_005622.jpg,9c9a98b3-6913-41e3-9ca1-442a515497b1_FRM_001940_of_005622.txt
60,9c9a98b3-6913-41e3-9ca1-442a515497b1_FRM_002360_of_005622.jpg,9c9a98b3-6913-41e3-9ca1-442a515497b1_FRM_002360_of_005622.txt
61,9c9a98b3-6913-41e3-9ca1-442a515497b1_FRM_002740_of_005622.jpg,9c9a98b3-6913-41e3-9ca1-442a515497b1_FRM_002740_of_005622.txt
62,9c9a98b3-6913-41e3-9ca1-442a515497b1_FRM_003040_of_005622.jpg,9c9a98b3-6913-41e3-9ca1-442a515497b1_FRM_003040_of_005622.txt
63,9c9a98b3-6913-41e3-9ca1-442a515497b1_FRM_003440_of_005622.jpg,9c9a98b3-6913-41e3-9ca1-442a515497b1_FRM_003440_of_005622.txt
64,9c9a98b3-6913-41e3-9ca1-442a515497b1_FRM_004160_of_005622.jpg,9c9a98b3-6913-41e3-9ca1-442a515497b1_FRM_004160_of_005622.txt
65,9c9a98b3-6913-41e3-9ca1-442a515497b1_FRM_004400_of_005622.jpg,9c9a98b3-6913-41e3-9ca1-442a515497b1_FRM_004400_of_005622.txt
66,9c9a98b3-6913-41e3-9ca1-442a515497b1_FRM_004760_of_005622.jpg,9c9a98b3-6913-41e3-9ca1-442a515497b1_FRM_004760_of_005622.txt
67,9c9a98b3-6913-41e3-9ca1-442a515497b1_FRM_005420_of_005622.jpg,9c9a98b3-6913-41e3-9ca1-442a515497b1_FRM_005420_of_005622.txt
68,9c9a98b3-6913-41e3-9ca1-442a515497b1_FRM_005440_of_005622.jpg,9c9a98b3-6913-41e3-9ca1-442a515497b1_FRM_005440_of_005622.txt
69,"Rana, Mannat May 24, 2023 03.16.24 PM Surgery.jpg","Rana, Mannat May 24, 2023 03.16.24 PM Surgery.txt"
70,"Rana, Mannat May 24, 2023 03.16.27 PM Surgery.jpg","Rana, Mannat May 24, 2023 03.16.27 PM Surgery.txt"
71,"Rana, Mannat May 24, 2023 03.16.31 PM Surgery.jpg","Rana, Mannat May 24, 2023 03.16.31 PM Surgery.txt"
72,"Rana, Mannat May 24, 2023 03.16.32 PM Surgery.jpg","Rana, Mannat May 24, 2023 03.16.32 PM Surgery.txt"
73,"Rana, Mannat May 24, 2023 03.16.33 PM Surgery.jpg","Rana, Mannat May 24, 2023 03.16.33 PM Surgery.txt"
74,"Rana, Mannat May 24, 2023 03.16.34 PM Surgery.jpg","Rana, Mannat May 24, 2023 03.16.34 PM Surgery.txt"
75,"Rana, Mannat May 24, 2023 03.16.36 PM Surgery.jpg","Rana, Mannat May 24, 2023 03.16.36 PM Surgery.txt"
76,"Rana, Mannat May 24, 2023 03.16.37 PM Surgery.jpg","Rana, Mannat May 24, 2023 03.16.37 PM Surgery.txt"
77,"Rana, Mannat May 24, 2023 03.16.38 PM Surgery.jpg","Rana, Mannat May 24, 2023 03.16.38 PM Surgery.txt"
78,"Rana, Mannat May 24, 2023 03.16.41 PM Surgery.jpg","Rana, Mannat May 24, 2023 03.16.41 PM Surgery.txt"
79,"Rana, Mannat May 24, 2023 03.16.42 PM Surgery.jpg","Rana, Mannat May 24, 2023 03.16.42 PM Surgery.txt"
80,"Rana, Mannat May 24, 2023 03.16.44 PM Surgery.jpg","Rana, Mannat May 24, 2023 03.16.44 PM Surgery.txt"
81,"Rana, Mannat May 24, 2023 03.16.45 PM Surgery.jpg","Rana, Mannat May 24, 2023 03.16.45 PM Surgery.txt"
82,"Rana, Mannat May 24, 2023 03.16.49 PM Surgery.jpg","Rana, Mannat May 24, 2023 03.16.49 PM Surgery.txt"
83,"Rana, Mannat May 24, 2023 03.16.57 PM Surgery.jpg","Rana, Mannat May 24, 2023 03.16.57 PM Surgery.txt"
84,"Rana, Mannat May 24, 2023 03.16.58 PM Surgery.jpg","Rana, Mannat May 24, 2023 03.16.58 PM Surgery.txt"
85,"Rana, Mannat May 24, 2023 03.17.01 PM Surgery.jpg","Rana, Mannat May 24, 2023 03.17.01 PM Surgery.txt"
86,"Rana, Mannat May 24, 2023 03.17.02 PM Surgery.jpg","Rana, Mannat May 24, 2023 03.17.02 PM Surgery.txt"
87,"Rana, Mannat May 24, 2023 03.17.05 PM Surgery.jpg","Rana, Mannat May 24, 2023 03.17.05 PM Surgery.txt"
88,"Rana, Mannat May 24, 2023 03.17.06 PM Surgery.jpg","Rana, Mannat May 24, 2023 03.17.06 PM Surgery.txt"
89,"Rana, Mannat May 24, 2023 03.17.07 PM Surgery.jpg","Rana, Mannat May 24, 2023 03.17.07 PM Surgery.txt"
90,"Rana, Mannat May 24, 2023 03.17.14 PM Surgery.jpg","Rana, Mannat May 24, 2023 03.17.14 PM Surgery.txt"
91,"Rana, Mannat May 24, 2023 03.17.15 PM Surgery.jpg","Rana, Mannat May 24, 2023 03.17.15 PM Surgery.txt"
92,"Rana, Mannat May 24, 2023 03.17.16 PM Surgery.jpg","Rana, Mannat May 24, 2023 03.17.16 PM Surgery.txt"
93,"Rana, Mannat May 24, 2023 03.17.18 PM Surgery.jpg","Rana, Mannat May 24, 2023 03.17.18 PM Surgery.txt"
94,"Rana, Mannat May 24, 2023 03.17.20 PM Surgery.jpg","Rana, Mannat May 24, 2023 03.17.20 PM Surgery.txt"
95,"Rana, Mannat May 24, 2023 03.17.22 PM Surgery.jpg","Rana, Mannat May 24, 2023 03.17.22 PM Surgery.txt"
96,"Rana, Mannat May 24, 2023 03.17.23 PM Surgery.jpg","Rana, Mannat May 24, 2023 03.17.23 PM Surgery.txt"
97,1cf27d42-1dba-4738-b09f-fa4ea341c936_FRM_000000_of_036004.jpg,1cf27d42-1dba-4738-b09f-fa4ea341c936_FRM_000000_of_036004.txt
98,1cf27d42-1dba-4738-b09f-fa4ea341c936_FRM_002040_of_036004.jpg,1cf27d42-1dba-4738-b09f-fa4ea341c936_FRM_002040_of_036004.txt
99,1cf27d42-1dba-4738-b09f-fa4ea341c936_FRM_003260_of_036004.jpg,1cf27d42-1dba-4738-b09f-fa4ea341c936_FRM_003260_of_036004.txt
100,1cf27d42-1dba-4738-b09f-fa4ea341c936_FRM_005860_of_036004.jpg,1cf27d42-1dba-4738-b09f-fa4ea341c936_FRM_005860_of_036004.txt
101,1cf27d42-1dba-4738-b09f-fa4ea341c936_FRM_007760_of_036004.jpg,1cf27d42-1dba-4738-b09f-fa4ea341c936_FRM_007760_of_036004.txt
102,1cf27d42-1dba-4738-b09f-fa4ea341c936_FRM_008560_of_036004.jpg,1cf27d42-1dba-4738-b09f-fa4ea341c936_FRM_008560_of_036004.txt
103,1cf27d42-1dba-4738-b09f-fa4ea341c936_FRM_011940_of_036004.jpg,1cf27d42-1dba-4738-b09f-fa4ea341c936_FRM_011940_of_036004.txt
104,1cf27d42-1dba-4738-b09f-fa4ea341c936_FRM_014380_of_036004.jpg,1cf27d42-1dba-4738-b09f-fa4ea341c936_FRM_014380_of_036004.txt
105,1cf27d42-1dba-4738-b09f-fa4ea341c936_FRM_014480_of_036004.jpg,1cf27d42-1dba-4738-b09f-fa4ea341c936_FRM_014480_of_036004.txt
106,1cf27d42-1dba-4738-b09f-fa4ea341c936_FRM_015680_of_036004.jpg,1cf27d42-1dba-4738-b09f-fa4ea341c936_FRM_015680_of_036004.txt
107,1cf27d42-1dba-4738-b09f-fa4ea341c936_FRM_016460_of_036004.jpg,1cf27d42-1dba-4738-b09f-fa4ea341c936_FRM_016460_of_036004.txt
108,1cf27d42-1dba-4738-b09f-fa4ea341c936_FRM_016860_of_036004.jpg,1cf27d42-1dba-4738-b09f-fa4ea341c936_FRM_016860_of_036004.txt
109,1cf27d42-1dba-4738-b09f-fa4ea341c936_FRM_019220_of_036004.jpg,1cf27d42-1dba-4738-b09f-fa4ea341c936_FRM_019220_of_036004.txt
110,1cf27d42-1dba-4738-b09f-fa4ea341c936_FRM_020260_of_036004.jpg,1cf27d42-1dba-4738-b09f-fa4ea341c936_FRM_020260_of_036004.txt
111,1d30df3f-4b65-4350-aa2a-b632c272cad1_FRM_000140_of_006996.jpg,1d30df3f-4b65-4350-aa2a-b632c272cad1_FRM_000140_of_006996.txt
112,1d30df3f-4b65-4350-aa2a-b632c272cad1_FRM_002360_of_006996.jpg,1d30df3f-4b65-4350-aa2a-b632c272cad1_FRM_002360_of_006996.txt
113,1d30df3f-4b65-4350-aa2a-b632c272cad1_FRM_003260_of_006996.jpg,1d30df3f-4b65-4350-aa2a-b632c272cad1_FRM_003260_of_006996.txt
114,1d30df3f-4b65-4350-aa2a-b632c272cad1_FRM_003880_of_006996.jpg,1d30df3f-4b65-4350-aa2a-b632c272cad1_FRM_003880_of_006996.txt
115,1d30df3f-4b65-4350-aa2a-b632c272cad1_FRM_004500_of_006996.jpg,1d30df3f-4b65-4350-aa2a-b632c272cad1_FRM_004500_of_006996.txt
116,1d30df3f-4b65-4350-aa2a-b632c272cad1_FRM_005340_of_006996.jpg,1d30df3f-4b65-4350-aa2a-b632c272cad1_FRM_005340_of_006996.txt
117,1d30df3f-4b65-4350-aa2a-b632c272cad1_FRM_005480_of_006996.jpg,1d30df3f-4b65-4350-aa2a-b632c272cad1_FRM_005480_of_006996.txt
118,1d30df3f-4b65-4350-aa2a-b632c272cad1_FRM_005900_of_006996.jpg,1d30df3f-4b65-4350-aa2a-b632c272cad1_FRM_005900_of_006996.txt
119,1d30df3f-4b65-4350-aa2a-b632c272cad1_FRM_005940_of_006996.jpg,1d30df3f-4b65-4350-aa2a-b632c272cad1_FRM_005940_of_006996.txt
120,1d30df3f-4b65-4350-aa2a-b632c272cad1_FRM_006520_of_006996.jpg,1d30df3f-4b65-4350-aa2a-b632c272cad1_FRM_006520_of_006996.txt
121,1d30df3f-4b65-4350-aa2a-b632c272cad1_FRM_006900_of_006996.jpg,1d30df3f-4b65-4350-aa2a-b632c272cad1_FRM_006900_of_006996.txt
122,1d30df3f-4b65-4350-aa2a-b632c272cad1_FRM_006980_of_006996.jpg,1d30df3f-4b65-4350-aa2a-b632c272cad1_FRM_006980_of_006996.txt
123,2cacb929-4ca4-47bd-bfd6-427386282164_FRM_000160_of_009522.jpg,2cacb929-4ca4-47bd-bfd6-427386282164_FRM_000160_of_009522.txt
124,2cacb929-4ca4-47bd-bfd6-427386282164_FRM_002480_of_009522.jpg,2cacb929-4ca4-47bd-bfd6-427386282164_FRM_002480_of_009522.txt
125,2cacb929-4ca4-47bd-bfd6-427386282164_FRM_003520_of_009522.jpg,2cacb929-4ca4-47bd-bfd6-427386282164_FRM_003520_of_009522.txt
126,3a707a13-9321-4d78-afaa-0f99ef371871_FRM_000020_of_001749.jpg,3a707a13-9321-4d78-afaa-0f99ef371871_FRM_000020_of_001749.txt
127,3a707a13-9321-4d78-afaa-0f99ef371871_FRM_000620_of_001749.jpg,3a707a13-9321-4d78-afaa-0f99ef371871_FRM_000620_of_001749.txt
128,3a707a13-9321-4d78-afaa-0f99ef371871_FRM_001340_of_001749.jpg,3a707a13-9321-4d78-afaa-0f99ef371871_FRM_001340_of_001749.txt
129,3bd15f92-beca-4655-94ee-77346f7be8a6_FRM_018220_of_027002.jpg,3bd15f92-beca-4655-94ee-77346f7be8a6_FRM_018220_of_027002.txt
130,3bd15f92-beca-4655-94ee-77346f7be8a6_FRM_018750_of_027002.jpg,3bd15f92-beca-4655-94ee-77346f7be8a6_FRM_018750_of_027002.txt
131,3bd15f92-beca-4655-94ee-77346f7be8a6_FRM_018840_of_027002.jpg,3bd15f92-beca-4655-94ee-77346f7be8a6_FRM_018840_of_027002.txt
132,3bd15f92-beca-4655-94ee-77346f7be8a6_FRM_019080_of_027002.jpg,3bd15f92-beca-4655-94ee-77346f7be8a6_FRM_019080_of_027002.txt
133,3bd15f92-beca-4655-94ee-77346f7be8a6_FRM_019440_of_027002.jpg,3bd15f92-beca-4655-94ee-77346f7be8a6_FRM_019440_of_027002.txt
134,3bd15f92-beca-4655-94ee-77346f7be8a6_FRM_020560_of_027002.jpg,3bd15f92-beca-4655-94ee-77346f7be8a6_FRM_020560_of_027002.txt
135,3bd15f92-beca-4655-94ee-77346f7be8a6_FRM_020790_of_027002.jpg,3bd15f92-beca-4655-94ee-77346f7be8a6_FRM_020790_of_027002.txt
136,3bd15f92-beca-4655-94ee-77346f7be8a6_FRM_021730_of_027002.jpg,3bd15f92-beca-4655-94ee-77346f7be8a6_FRM_021730_of_027002.txt
137,3bd15f92-beca-4655-94ee-77346f7be8a6_FRM_021990_of_027002.jpg,3bd15f92-beca-4655-94ee-77346f7be8a6_FRM_021990_of_027002.txt
138,3bd15f92-beca-4655-94ee-77346f7be8a6_FRM_022340_of_027002.jpg,3bd15f92-beca-4655-94ee-77346f7be8a6_FRM_022340_of_027002.txt
139,3bd15f92-beca-4655-94ee-77346f7be8a6_FRM_023770_of_027002.jpg,3bd15f92-beca-4655-94ee-77346f7be8a6_FRM_023770_of_027002.txt
140,3bd15f92-beca-4655-94ee-77346f7be8a6_FRM_023790_of_027002.jpg,3bd15f92-beca-4655-94ee-77346f7be8a6_FRM_023790_of_027002.txt
141,3bd15f92-beca-4655-94ee-77346f7be8a6_FRM_024580_of_027002.jpg,3bd15f92-beca-4655-94ee-77346f7be8a6_FRM_024580_of_027002.txt
142,3bd15f92-beca-4655-94ee-77346f7be8a6_FRM_024790_of_027002.jpg,3bd15f92-beca-4655-94ee-77346f7be8a6_FRM_024790_of_027002.txt
143,3bd15f92-beca-4655-94ee-77346f7be8a6_FRM_024940_of_027002.jpg,3bd15f92-beca-4655-94ee-77346f7be8a6_FRM_024940_of_027002.txt
144,3bd15f92-beca-4655-94ee-77346f7be8a6_FRM_025790_of_027002.jpg,3bd15f92-beca-4655-94ee-77346f7be8a6_FRM_025790_of_027002.txt
145,3bd15f92-beca-4655-94ee-77346f7be8a6_FRM_025830_of_027002.jpg,3bd15f92-beca-4655-94ee-77346f7be8a6_FRM_025830_of_027002.txt
146,3bd15f92-beca-4655-94ee-77346f7be8a6_FRM_026350_of_027002.jpg,3bd15f92-beca-4655-94ee-77346f7be8a6_FRM_026350_of_027002.txt
147,3bd15f92-beca-4655-94ee-77346f7be8a6_FRM_026630_of_027002.jpg,3bd15f92-beca-4655-94ee-77346f7be8a6_FRM_026630_of_027002.txt
148,3bd15f92-beca-4655-94ee-77346f7be8a6_FRM_027000_of_027002.jpg,3bd15f92-beca-4655-94ee-77346f7be8a6_FRM_027000_of_027002.txt
149,5cf25d23-7265-4563-8aa0-b639dbf1e116_FRM_003240_of_003519.jpg,5cf25d23-7265-4563-8aa0-b639dbf1e116_FRM_003240_of_003519.txt
150,6d66f127-46cf-4055-9596-60957e55aed0_FRM_000420_of_001846.jpg,6d66f127-46cf-4055-9596-60957e55aed0_FRM_000420_of_001846.txt
151,6d66f127-46cf-4055-9596-60957e55aed0_FRM_000910_of_001846.jpg,6d66f127-46cf-4055-9596-60957e55aed0_FRM_000910_of_001846.txt
152,6d66f127-46cf-4055-9596-60957e55aed0_FRM_001360_of_001846.jpg,6d66f127-46cf-4055-9596-60957e55aed0_FRM_001360_of_001846.txt
153,6d66f127-46cf-4055-9596-60957e55aed0_FRM_001460_of_001846.jpg,6d66f127-46cf-4055-9596-60957e55aed0_FRM_001460_of_001846.txt
154,6d66f127-46cf-4055-9596-60957e55aed0_FRM_001710_of_001846.jpg,6d66f127-46cf-4055-9596-60957e55aed0_FRM_001710_of_001846.txt
155,6d66f127-46cf-4055-9596-60957e55aed0_FRM_001760_of_001846.jpg,6d66f127-46cf-4055-9596-60957e55aed0_FRM_001760_of_001846.txt
156,7b615117-0d6d-4d12-a1fc-0ace1da713ec_FRM_000360_of_005124.jpg,7b615117-0d6d-4d12-a1fc-0ace1da713ec_FRM_000360_of_005124.txt
157,7b615117-0d6d-4d12-a1fc-0ace1da713ec_FRM_001540_of_005124.jpg,7b615117-0d6d-4d12-a1fc-0ace1da713ec_FRM_001540_of_005124.txt
158,7b615117-0d6d-4d12-a1fc-0ace1da713ec_FRM_004040_of_005124.jpg,7b615117-0d6d-4d12-a1fc-0ace1da713ec_FRM_004040_of_005124.txt
159,8c08e750-7683-44d7-adff-8a56a0d251f7_FRM_000820_of_035999.jpg,8c08e750-7683-44d7-adff-8a56a0d251f7_FRM_000820_of_035999.txt
160,8c08e750-7683-44d7-adff-8a56a0d251f7_FRM_001580_of_035999.jpg,8c08e750-7683-44d7-adff-8a56a0d251f7_FRM_001580_of_035999.txt
161,8c08e750-7683-44d7-adff-8a56a0d251f7_FRM_004340_of_035999.jpg,8c08e750-7683-44d7-adff-8a56a0d251f7_FRM_004340_of_035999.txt
162,8c08e750-7683-44d7-adff-8a56a0d251f7_FRM_007000_of_035999.jpg,8c08e750-7683-44d7-adff-8a56a0d251f7_FRM_007000_of_035999.txt
163,8c08e750-7683-44d7-adff-8a56a0d251f7_FRM_009080_of_035999.jpg,8c08e750-7683-44d7-adff-8a56a0d251f7_FRM_009080_of_035999.txt
164,8c08e750-7683-44d7-adff-8a56a0d251f7_FRM_009780_of_035999.jpg,8c08e750-7683-44d7-adff-8a56a0d251f7_FRM_009780_of_035999.txt
165,8c08e750-7683-44d7-adff-8a56a0d251f7_FRM_009800_of_035999.jpg,8c08e750-7683-44d7-adff-8a56a0d251f7_FRM_009800_of_035999.txt
166,8c08e750-7683-44d7-adff-8a56a0d251f7_FRM_012700_of_035999.jpg,8c08e750-7683-44d7-adff-8a56a0d251f7_FRM_012700_of_035999.txt
167,8c08e750-7683-44d7-adff-8a56a0d251f7_FRM_019840_of_035999.jpg,8c08e750-7683-44d7-adff-8a56a0d251f7_FRM_019840_of_035999.txt
168,8c08e750-7683-44d7-adff-8a56a0d251f7_FRM_019880_of_035999.jpg,8c08e750-7683-44d7-adff-8a56a0d251f7_FRM_019880_of_035999.txt
169,8c64ffb5-5a6d-4985-a030-7bc8bf30564f_FRM_000060_of_008202.jpg,8c64ffb5-5a6d-4985-a030-7bc8bf30564f_FRM_000060_of_008202.txt
170,8c64ffb5-5a6d-4985-a030-7bc8bf30564f_FRM_000460_of_008202.jpg,8c64ffb5-5a6d-4985-a030-7bc8bf30564f_FRM_000460_of_008202.txt
171,8c64ffb5-5a6d-4985-a030-7bc8bf30564f_FRM_000560_of_008202.jpg,8c64ffb5-5a6d-4985-a030-7bc8bf30564f_FRM_000560_of_008202.txt
172,8c64ffb5-5a6d-4985-a030-7bc8bf30564f_FRM_001680_of_008202.jpg,8c64ffb5-5a6d-4985-a030-7bc8bf30564f_FRM_001680_of_008202.txt
173,8c64ffb5-5a6d-4985-a030-7bc8bf30564f_FRM_001880_of_008202.jpg,8c64ffb5-5a6d-4985-a030-7bc8bf30564f_FRM_001880_of_008202.txt
174,8c64ffb5-5a6d-4985-a030-7bc8bf30564f_FRM_002360_of_008202.jpg,8c64ffb5-5a6d-4985-a030-7bc8bf30564f_FRM_002360_of_008202.txt
175,8c64ffb5-5a6d-4985-a030-7bc8bf30564f_FRM_002960_of_008202.jpg,8c64ffb5-5a6d-4985-a030-7bc8bf30564f_FRM_002960_of_008202.txt
176,8c64ffb5-5a6d-4985-a030-7bc8bf30564f_FRM_003280_of_008202.jpg,8c64ffb5-5a6d-4985-a030-7bc8bf30564f_FRM_003280_of_008202.txt
177,8c64ffb5-5a6d-4985-a030-7bc8bf30564f_FRM_003420_of_008202.jpg,8c64ffb5-5a6d-4985-a030-7bc8bf30564f_FRM_003420_of_008202.txt
178,8c64ffb5-5a6d-4985-a030-7bc8bf30564f_FRM_004060_of_008202.jpg,8c64ffb5-5a6d-4985-a030-7bc8bf30564f_FRM_004060_of_008202.txt
179,8c64ffb5-5a6d-4985-a030-7bc8bf30564f_FRM_004460_of_008202.jpg,8c64ffb5-5a6d-4985-a030-7bc8bf30564f_FRM_004460_of_008202.txt
180,8c64ffb5-5a6d-4985-a030-7bc8bf30564f_FRM_005180_of_008202.jpg,8c64ffb5-5a6d-4985-a030-7bc8bf30564f_FRM_005180_of_008202.txt
181,8c64ffb5-5a6d-4985-a030-7bc8bf30564f_FRM_005260_of_008202.jpg,8c64ffb5-5a6d-4985-a030-7bc8bf30564f_FRM_005260_of_008202.txt
182,8c64ffb5-5a6d-4985-a030-7bc8bf30564f_FRM_005660_of_008202.jpg,8c64ffb5-5a6d-4985-a030-7bc8bf30564f_FRM_005660_of_008202.txt
183,8c64ffb5-5a6d-4985-a030-7bc8bf30564f_FRM_006100_of_008202.jpg,8c64ffb5-5a6d-4985-a030-7bc8bf30564f_FRM_006100_of_008202.txt
184,8c64ffb5-5a6d-4985-a030-7bc8bf30564f_FRM_006180_of_008202.jpg,8c64ffb5-5a6d-4985-a030-7bc8bf30564f_FRM_006180_of_008202.txt
185,8c64ffb5-5a6d-4985-a030-7bc8bf30564f_FRM_006460_of_008202.jpg,8c64ffb5-5a6d-4985-a030-7bc8bf30564f_FRM_006460_of_008202.txt
186,8c64ffb5-5a6d-4985-a030-7bc8bf30564f_FRM_007160_of_008202.jpg,8c64ffb5-5a6d-4985-a030-7bc8bf30564f_FRM_007160_of_008202.txt
187,8c64ffb5-5a6d-4985-a030-7bc8bf30564f_FRM_007660_of_008202.jpg,8c64ffb5-5a6d-4985-a030-7bc8bf30564f_FRM_007660_of_008202.txt
188,8c64ffb5-5a6d-4985-a030-7bc8bf30564f_FRM_008160_of_008202.jpg,8c64ffb5-5a6d-4985-a030-7bc8bf30564f_FRM_008160_of_008202.txt
189,9c9a98b3-6913-41e3-9ca1-442a515497b1_FRM_000040_of_005622.jpg,9c9a98b3-6913-41e3-9ca1-442a515497b1_FRM_000040_of_005622.txt
190,9c9a98b3-6913-41e3-9ca1-442a515497b1_FRM_000340_of_005622.jpg,9c9a98b3-6913-41e3-9ca1-442a515497b1_FRM_000340_of_005622.txt
191,9c9a98b3-6913-41e3-9ca1-442a515497b1_FRM_000620_of_005622.jpg,9c9a98b3-6913-41e3-9ca1-442a515497b1_FRM_000620_of_005622.txt
192,9c9a98b3-6913-41e3-9ca1-442a515497b1_FRM_000660_of_005622.jpg,9c9a98b3-6913-41e3-9ca1-442a515497b1_FRM_000660_of_005622.txt
193,9c9a98b3-6913-41e3-9ca1-442a515497b1_FRM_000680_of_005622.jpg,9c9a98b3-6913-41e3-9ca1-442a515497b1_FRM_000680_of_005622.txt
194,"Rana, Mannat May 24, 2023 03.17.24 PM Surgery.jpg","Rana, Mannat May 24, 2023 03.17.24 PM Surgery.txt"
195,"Rana, Mannat May 24, 2023 03.17.26 PM Surgery.jpg","Rana, Mannat May 24, 2023 03.17.26 PM Surgery.txt"
196,"Rana, Mannat May 24, 2023 03.17.27 PM Surgery.jpg","Rana, Mannat May 24, 2023 03.17.27 PM Surgery.txt"
197,"Rana, Mannat May 24, 2023 03.17.30 PM Surgery.jpg","Rana, Mannat May 24, 2023 03.17.30 PM Surgery.txt"
198,"Rana, Mannat May 24, 2023 03.17.31 PM Surgery.jpg","Rana, Mannat May 24, 2023 03.17.31 PM Surgery.txt"
199,"Rana, Mannat May 24, 2023 03.17.32 PM Surgery.jpg","Rana, Mannat May 24, 2023 03.17.32 PM Surgery.txt"
200,"Rana, Mannat May 24, 2023 03.17.43 PM Surgery.jpg","Rana, Mannat May 24, 2023 03.17.43 PM Surgery.txt"
201,"Rana, Mannat May 24, 2023 03.17.44 PM Surgery.jpg","Rana, Mannat May 24, 2023 03.17.44 PM Surgery.txt"
202,"Rana, Mannat May 24, 2023 03.17.45 PM Surgery.jpg","Rana, Mannat May 24, 2023 03.17.45 PM Surgery.txt"
203,"Rana, Mannat May 24, 2023 03.17.47 PM Surgery.jpg","Rana, Mannat May 24, 2023 03.17.47 PM Surgery.txt"
204,"Rana, Mannat May 24, 2023 03.17.48 PM Surgery.jpg","Rana, Mannat May 24, 2023 03.17.48 PM Surgery.txt"
205,"Rana, Mannat May 24, 2023 03.17.49 PM Surgery.jpg","Rana, Mannat May 24, 2023 03.17.49 PM Surgery.txt"
206,"Rana, Mannat May 24, 2023 03.17.51 PM Surgery.jpg","Rana, Mannat May 24, 2023 03.17.51 PM Surgery.txt"
207,"Rana, Mannat May 24, 2023 03.17.52 PM Surgery.jpg","Rana, Mannat May 24, 2023 03.17.52 PM Surgery.txt"
208,"Rana, Mannat May 24, 2023 03.17.53 PM Surgery.jpg","Rana, Mannat May 24, 2023 03.17.53 PM Surgery.txt"
209,"Rana, Mannat May 24, 2023 03.17.55 PM Surgery.jpg","Rana, Mannat May 24, 2023 03.17.55 PM Surgery.txt"
210,"Rana, Mannat May 24, 2023 03.17.56 PM Surgery.jpg","Rana, Mannat May 24, 2023 03.17.56 PM Surgery.txt"
211,"Rana, Mannat May 24, 2023 03.17.57 PM Surgery.jpg","Rana, Mannat May 24, 2023 03.17.57 PM Surgery.txt"
212,"Rana, Mannat May 24, 2023 03.18.00 PM Surgery.jpg","Rana, Mannat May 24, 2023 03.18.00 PM Surgery.txt"
213,"Rana, Mannat May 24, 2023 03.18.01 PM Surgery.jpg","Rana, Mannat May 24, 2023 03.18.01 PM Surgery.txt"
214,"Rana, Mannat May 24, 2023 03.18.02 PM Surgery.jpg","Rana, Mannat May 24, 2023 03.18.02 PM Surgery.txt"
215,"Rana, Mannat May 24, 2023 03.18.04 PM Surgery.jpg","Rana, Mannat May 24, 2023 03.18.04 PM Surgery.txt"
216,"Rana, Mannat May 24, 2023 03.18.08 PM Surgery.jpg","Rana, Mannat May 24, 2023 03.18.08 PM Surgery.txt"
217,"Rana, Mannat May 24, 2023 03.18.09 PM Surgery.jpg","Rana, Mannat May 24, 2023 03.18.09 PM Surgery.txt"
218,"Rana, Mannat May 24, 2023 03.18.10 PM Surgery.jpg","Rana, Mannat May 24, 2023 03.18.10 PM Surgery.txt"
219,"Rana, Mannat May 24, 2023 03.18.12 PM Surgery.jpg","Rana, Mannat May 24, 2023 03.18.12 PM Surgery.txt"
220,"Rana, Mannat May 24, 2023 03.18.13 PM Surgery.jpg","Rana, Mannat May 24, 2023 03.18.13 PM Surgery.txt"
221,"Rana, Mannat May 24, 2023 03.18.16 PM Surgery.jpg","Rana, Mannat May 24, 2023 03.18.16 PM Surgery.txt"
222,"Rana, Mannat May 24, 2023 03.18.17 PM Surgery.jpg","Rana, Mannat May 24, 2023 03.18.17 PM Surgery.txt"
223,"Rana, Mannat May 24, 2023 03.18.18 PM Surgery.jpg","Rana, Mannat May 24, 2023 03.18.18 PM Surgery.txt"
224,"Rana, Mannat May 24, 2023 03.18.31 PM Surgery.jpg","Rana, Mannat May 24, 2023 03.18.31 PM Surgery.txt"
225,"Rana, Mannat May 24, 2023 03.18.38 PM Surgery.jpg","Rana, Mannat May 24, 2023 03.18.38 PM Surgery.txt"
226,"Rana, Mannat May 24, 2023 03.18.39 PM Surgery.jpg","Rana, Mannat May 24, 2023 03.18.39 PM Surgery.txt"
227,"Rana, Mannat May 24, 2023 03.18.42 PM Surgery.jpg","Rana, Mannat May 24, 2023 03.18.42 PM Surgery.txt"
228,"Rana, Mannat May 24, 2023 03.18.43 PM Surgery.jpg","Rana, Mannat May 24, 2023 03.18.43 PM Surgery.txt"
229,"Rana, Mannat May 24, 2023 03.18.44 PM Surgery.jpg","Rana, Mannat May 24, 2023 03.18.44 PM Surgery.txt"
230,"Rana, Mannat May 24, 2023 03.18.46 PM Surgery.jpg","Rana, Mannat May 24, 2023 03.18.46 PM Surgery.txt"
231,"Rana, Mannat May 24, 2023 03.18.48 PM Surgery.jpg","Rana, Mannat May 24, 2023 03.18.48 PM Surgery.txt"
232,"Rana, Mannat May 24, 2023 03.18.50 PM Surgery.jpg","Rana, Mannat May 24, 2023 03.18.50 PM Surgery.txt"
233,06993a90-b157-41ce-bd6b-17ebac87d0a6_FRM_000180_of_003956.jpg,06993a90-b157-41ce-bd6b-17ebac87d0a6_FRM_000180_of_003956.txt
234,06993a90-b157-41ce-bd6b-17ebac87d0a6_FRM_002260_of_003956.jpg,06993a90-b157-41ce-bd6b-17ebac87d0a6_FRM_002260_of_003956.txt
235,06993a90-b157-41ce-bd6b-17ebac87d0a6_FRM_002500_of_003956.jpg,06993a90-b157-41ce-bd6b-17ebac87d0a6_FRM_002500_of_003956.txt
236,1118787e-134e-4809-8aa9-bf04ecc3ecd5_FRM_000020_of_001877.jpg,1118787e-134e-4809-8aa9-bf04ecc3ecd5_FRM_000020_of_001877.txt
237,1162529f-3cab-42c3-b988-aa38c00bad05_FRM_000000_of_000241.jpg,1162529f-3cab-42c3-b988-aa38c00bad05_FRM_000000_of_000241.txt
238,299e7f45-1d68-4c81-bee0-cc4eb5d50bb1_EDIT_FRM_000000_of_007186.jpg,299e7f45-1d68-4c81-bee0-cc4eb5d50bb1_EDIT_FRM_000000_of_007186.txt
239,299e7f45-1d68-4c81-bee0-cc4eb5d50bb1_EDIT_FRM_001050_of_007186.jpg,299e7f45-1d68-4c81-bee0-cc4eb5d50bb1_EDIT_FRM_001050_of_007186.txt
240,4058f405-a1d4-4ebd-8dfe-9d490538eb6f_FRM_000100_of_008109.jpg,4058f405-a1d4-4ebd-8dfe-9d490538eb6f_FRM_000100_of_008109.txt
241,4058f405-a1d4-4ebd-8dfe-9d490538eb6f_FRM_000580_of_008109.jpg,4058f405-a1d4-4ebd-8dfe-9d490538eb6f_FRM_000580_of_008109.txt
242,4058f405-a1d4-4ebd-8dfe-9d490538eb6f_FRM_000980_of_008109.jpg,4058f405-a1d4-4ebd-8dfe-9d490538eb6f_FRM_000980_of_008109.txt
243,4058f405-a1d4-4ebd-8dfe-9d490538eb6f_FRM_001260_of_008109.jpg,4058f405-a1d4-4ebd-8dfe-9d490538eb6f_FRM_001260_of_008109.txt
244,4058f405-a1d4-4ebd-8dfe-9d490538eb6f_FRM_001640_of_008109.jpg,4058f405-a1d4-4ebd-8dfe-9d490538eb6f_FRM_001640_of_008109.txt
245,4058f405-a1d4-4ebd-8dfe-9d490538eb6f_FRM_001820_of_008109.jpg,4058f405-a1d4-4ebd-8dfe-9d490538eb6f_FRM_001820_of_008109.txt
246,4058f405-a1d4-4ebd-8dfe-9d490538eb6f_FRM_002040_of_008109.jpg,4058f405-a1d4-4ebd-8dfe-9d490538eb6f_FRM_002040_of_008109.txt
247,4058f405-a1d4-4ebd-8dfe-9d490538eb6f_FRM_002080_of_008109.jpg,4058f405-a1d4-4ebd-8dfe-9d490538eb6f_FRM_002080_of_008109.txt
248,4058f405-a1d4-4ebd-8dfe-9d490538eb6f_FRM_002140_of_008109.jpg,4058f405-a1d4-4ebd-8dfe-9d490538eb6f_FRM_002140_of_008109.txt
249,4058f405-a1d4-4ebd-8dfe-9d490538eb6f_FRM_002200_of_008109.jpg,4058f405-a1d4-4ebd-8dfe-9d490538eb6f_FRM_002200_of_008109.txt
250,4058f405-a1d4-4ebd-8dfe-9d490538eb6f_FRM_002420_of_008109.jpg,4058f405-a1d4-4ebd-8dfe-9d490538eb6f_FRM_002420_of_008109.txt
251,4058f405-a1d4-4ebd-8dfe-9d490538eb6f_FRM_002480_of_008109.jpg,4058f405-a1d4-4ebd-8dfe-9d490538eb6f_FRM_002480_of_008109.txt
252,4058f405-a1d4-4ebd-8dfe-9d490538eb6f_FRM_002720_of_008109.jpg,4058f405-a1d4-4ebd-8dfe-9d490538eb6f_FRM_002720_of_008109.txt
253,4058f405-a1d4-4ebd-8dfe-9d490538eb6f_FRM_002880_of_008109.jpg,4058f405-a1d4-4ebd-8dfe-9d490538eb6f_FRM_002880_of_008109.txt
254,4058f405-a1d4-4ebd-8dfe-9d490538eb6f_FRM_003480_of_008109.jpg,4058f405-a1d4-4ebd-8dfe-9d490538eb6f_FRM_003480_of_008109.txt
255,4058f405-a1d4-4ebd-8dfe-9d490538eb6f_FRM_003820_of_008109.jpg,4058f405-a1d4-4ebd-8dfe-9d490538eb6f_FRM_003820_of_008109.txt
256,4058f405-a1d4-4ebd-8dfe-9d490538eb6f_FRM_004220_of_008109.jpg,4058f405-a1d4-4ebd-8dfe-9d490538eb6f_FRM_004220_of_008109.txt
257,4058f405-a1d4-4ebd-8dfe-9d490538eb6f_FRM_004300_of_008109.jpg,4058f405-a1d4-4ebd-8dfe-9d490538eb6f_FRM_004300_of_008109.txt
258,4058f405-a1d4-4ebd-8dfe-9d490538eb6f_FRM_004540_of_008109.jpg,4058f405-a1d4-4ebd-8dfe-9d490538eb6f_FRM_004540_of_008109.txt
259,4058f405-a1d4-4ebd-8dfe-9d490538eb6f_FRM_004880_of_008109.jpg,4058f405-a1d4-4ebd-8dfe-9d490538eb6f_FRM_004880_of_008109.txt
260,4058f405-a1d4-4ebd-8dfe-9d490538eb6f_FRM_005000_of_008109.jpg,4058f405-a1d4-4ebd-8dfe-9d490538eb6f_FRM_005000_of_008109.txt
261,4058f405-a1d4-4ebd-8dfe-9d490538eb6f_FRM_005460_of_008109.jpg,4058f405-a1d4-4ebd-8dfe-9d490538eb6f_FRM_005460_of_008109.txt
262,4058f405-a1d4-4ebd-8dfe-9d490538eb6f_FRM_006560_of_008109.jpg,4058f405-a1d4-4ebd-8dfe-9d490538eb6f_FRM_006560_of_008109.txt
263,4058f405-a1d4-4ebd-8dfe-9d490538eb6f_FRM_007260_of_008109.jpg,4058f405-a1d4-4ebd-8dfe-9d490538eb6f_FRM_007260_of_008109.txt
264,4058f405-a1d4-4ebd-8dfe-9d490538eb6f_FRM_007960_of_008109.jpg,4058f405-a1d4-4ebd-8dfe-9d490538eb6f_FRM_007960_of_008109.txt
265,4058f405-a1d4-4ebd-8dfe-9d490538eb6f_FRM_007980_of_008109.jpg,4058f405-a1d4-4ebd-8dfe-9d490538eb6f_FRM_007980_of_008109.txt
266,405a987e-9c89-4afd-b205-d6d87ab1bb44_FRM_000000_of_001557.jpg,405a987e-9c89-4afd-b205-d6d87ab1bb44_FRM_000000_of_001557.txt
267,405a987e-9c89-4afd-b205-d6d87ab1bb44_FRM_000120_of_001557.jpg,405a987e-9c89-4afd-b205-d6d87ab1bb44_FRM_000120_of_001557.txt
268,405a987e-9c89-4afd-b205-d6d87ab1bb44_FRM_000620_of_001557.jpg,405a987e-9c89-4afd-b205-d6d87ab1bb44_FRM_000620_of_001557.txt
269,405a987e-9c89-4afd-b205-d6d87ab1bb44_FRM_000640_of_001557.jpg,405a987e-9c89-4afd-b205-d6d87ab1bb44_FRM_000640_of_001557.txt
270,405a987e-9c89-4afd-b205-d6d87ab1bb44_FRM_001060_of_001557.jpg,405a987e-9c89-4afd-b205-d6d87ab1bb44_FRM_001060_of_001557.txt
271,405a987e-9c89-4afd-b205-d6d87ab1bb44_FRM_001140_of_001557.jpg,405a987e-9c89-4afd-b205-d6d87ab1bb44_FRM_001140_of_001557.txt
272,405a987e-9c89-4afd-b205-d6d87ab1bb44_FRM_001460_of_001557.jpg,405a987e-9c89-4afd-b205-d6d87ab1bb44_FRM_001460_of_001557.txt
273,405a987e-9c89-4afd-b205-d6d87ab1bb44_FRM_001480_of_001557.jpg,405a987e-9c89-4afd-b205-d6d87ab1bb44_FRM_001480_of_001557.txt
274,405a987e-9c89-4afd-b205-d6d87ab1bb44_FRM_001500_of_001557.jpg,405a987e-9c89-4afd-b205-d6d87ab1bb44_FRM_001500_of_001557.txt
275,405a987e-9c89-4afd-b205-d6d87ab1bb44_FRM_001520_of_001557.jpg,405a987e-9c89-4afd-b205-d6d87ab1bb44_FRM_001520_of_001557.txt
276,405a987e-9c89-4afd-b205-d6d87ab1bb44_FRM_001540_of_001557.jpg,405a987e-9c89-4afd-b205-d6d87ab1bb44_FRM_001540_of_001557.txt
277,4828b9ac-f90f-4dc7-bab0-5264dcdbf1f5_FRM_000180_of_001233.jpg,4828b9ac-f90f-4dc7-bab0-5264dcdbf1f5_FRM_000180_of_001233.txt
278,4828b9ac-f90f-4dc7-bab0-5264dcdbf1f5_FRM_000320_of_001233.jpg,4828b9ac-f90f-4dc7-bab0-5264dcdbf1f5_FRM_000320_of_001233.txt
279,4828b9ac-f90f-4dc7-bab0-5264dcdbf1f5_FRM_000440_of_001233.jpg,4828b9ac-f90f-4dc7-bab0-5264dcdbf1f5_FRM_000440_of_001233.txt
280,4828b9ac-f90f-4dc7-bab0-5264dcdbf1f5_FRM_000820_of_001233.jpg,4828b9ac-f90f-4dc7-bab0-5264dcdbf1f5_FRM_000820_of_001233.txt
281,4828b9ac-f90f-4dc7-bab0-5264dcdbf1f5_FRM_001220_of_001233.jpg,4828b9ac-f90f-4dc7-bab0-5264dcdbf1f5_FRM_001220_of_001233.txt
282,5211b660-a16c-42f6-8fd6-e322d78a2377_FRM_000180_of_020458.jpg,5211b660-a16c-42f6-8fd6-e322d78a2377_FRM_000180_of_020458.txt
283,5211b660-a16c-42f6-8fd6-e322d78a2377_FRM_001680_of_020458.jpg,5211b660-a16c-42f6-8fd6-e322d78a2377_FRM_001680_of_020458.txt
284,5211b660-a16c-42f6-8fd6-e322d78a2377_FRM_002360_of_020458.jpg,5211b660-a16c-42f6-8fd6-e322d78a2377_FRM_002360_of_020458.txt
285,5211b660-a16c-42f6-8fd6-e322d78a2377_FRM_004000_of_020458.jpg,5211b660-a16c-42f6-8fd6-e322d78a2377_FRM_004000_of_020458.txt
286,5211b660-a16c-42f6-8fd6-e322d78a2377_FRM_004760_of_020458.jpg,5211b660-a16c-42f6-8fd6-e322d78a2377_FRM_004760_of_020458.txt
287,5211b660-a16c-42f6-8fd6-e322d78a2377_FRM_005220_of_020458.jpg,5211b660-a16c-42f6-8fd6-e322d78a2377_FRM_005220_of_020458.txt
288,5211b660-a16c-42f6-8fd6-e322d78a2377_FRM_007380_of_020458.jpg,5211b660-a16c-42f6-8fd6-e322d78a2377_FRM_007380_of_020458.txt
289,5211b660-a16c-42f6-8fd6-e322d78a2377_FRM_010760_of_020458.jpg,5211b660-a16c-42f6-8fd6-e322d78a2377_FRM_010760_of_020458.txt
290,5211b660-a16c-42f6-8fd6-e322d78a2377_FRM_011720_of_020458.jpg,5211b660-a16c-42f6-8fd6-e322d78a2377_FRM_011720_of_020458.txt
291,5211b660-a16c-42f6-8fd6-e322d78a2377_FRM_012380_of_020458.jpg,5211b660-a16c-42f6-8fd6-e322d78a2377_FRM_012380_of_020458.txt
292,5211b660-a16c-42f6-8fd6-e322d78a2377_FRM_012840_of_020458.jpg,5211b660-a16c-42f6-8fd6-e322d78a2377_FRM_012840_of_020458.txt
293,5211b660-a16c-42f6-8fd6-e322d78a2377_FRM_013480_of_020458.jpg,5211b660-a16c-42f6-8fd6-e322d78a2377_FRM_013480_of_020458.txt
294,5211b660-a16c-42f6-8fd6-e322d78a2377_FRM_014200_of_020458.jpg,5211b660-a16c-42f6-8fd6-e322d78a2377_FRM_014200_of_020458.txt
295,5211b660-a16c-42f6-8fd6-e322d78a2377_FRM_014680_of_020458.jpg,5211b660-a16c-42f6-8fd6-e322d78a2377_FRM_014680_of_020458.txt
296,5211b660-a16c-42f6-8fd6-e322d78a2377_FRM_014920_of_020458.jpg,5211b660-a16c-42f6-8fd6-e322d78a2377_FRM_014920_of_020458.txt
297,5211b660-a16c-42f6-8fd6-e322d78a2377_FRM_016160_of_020458.jpg,5211b660-a16c-42f6-8fd6-e322d78a2377_FRM_016160_of_020458.txt
298,5211b660-a16c-42f6-8fd6-e322d78a2377_FRM_017080_of_020458.jpg,5211b660-a16c-42f6-8fd6-e322d78a2377_FRM_017080_of_020458.txt
299,5211b660-a16c-42f6-8fd6-e322d78a2377_FRM_017900_of_020458.jpg,5211b660-a16c-42f6-8fd6-e322d78a2377_FRM_017900_of_020458.txt
300,5211b660-a16c-42f6-8fd6-e322d78a2377_FRM_018420_of_020458.jpg,5211b660-a16c-42f6-8fd6-e322d78a2377_FRM_018420_of_020458.txt
301,5255cb93-195f-4882-832c-99cb4289a293_FRM_000000_of_001480.jpg,5255cb93-195f-4882-832c-99cb4289a293_FRM_000000_of_001480.txt
302,5255cb93-195f-4882-832c-99cb4289a293_FRM_000360_of_001480.jpg,5255cb93-195f-4882-832c-99cb4289a293_FRM_000360_of_001480.txt
303,5255cb93-195f-4882-832c-99cb4289a293_FRM_000800_of_001480.jpg,5255cb93-195f-4882-832c-99cb4289a293_FRM_000800_of_001480.txt
304,5255cb93-195f-4882-832c-99cb4289a293_FRM_001340_of_001480.jpg,5255cb93-195f-4882-832c-99cb4289a293_FRM_001340_of_001480.txt
305,5255cb93-195f-4882-832c-99cb4289a293_FRM_001460_of_001480.jpg,5255cb93-195f-4882-832c-99cb4289a293_FRM_001460_of_001480.txt
306,54b80366-3954-46f1-b0d8-a7faad36161a_FRM_005000_of_010493.jpg,54b80366-3954-46f1-b0d8-a7faad36161a_FRM_005000_of_010493.txt
307,54b80366-3954-46f1-b0d8-a7faad36161a_FRM_005700_of_010493.jpg,54b80366-3954-46f1-b0d8-a7faad36161a_FRM_005700_of_010493.txt
308,54b80366-3954-46f1-b0d8-a7faad36161a_FRM_006400_of_010493.jpg,54b80366-3954-46f1-b0d8-a7faad36161a_FRM_006400_of_010493.txt
309,54b80366-3954-46f1-b0d8-a7faad36161a_FRM_006920_of_010493.jpg,54b80366-3954-46f1-b0d8-a7faad36161a_FRM_006920_of_010493.txt
310,54b80366-3954-46f1-b0d8-a7faad36161a_FRM_007920_of_010493.jpg,54b80366-3954-46f1-b0d8-a7faad36161a_FRM_007920_of_010493.txt
311,54b80366-3954-46f1-b0d8-a7faad36161a_FRM_009000_of_010493.jpg,54b80366-3954-46f1-b0d8-a7faad36161a_FRM_009000_of_010493.txt
312,54b80366-3954-46f1-b0d8-a7faad36161a_FRM_009740_of_010493.jpg,54b80366-3954-46f1-b0d8-a7faad36161a_FRM_009740_of_010493.txt
313,54b80366-3954-46f1-b0d8-a7faad36161a_FRM_010360_of_010493.jpg,54b80366-3954-46f1-b0d8-a7faad36161a_FRM_010360_of_010493.txt
314,5580b01f-8857-4705-8106-34a406986bcc_FRM_000920_of_001410.jpg,5580b01f-8857-4705-8106-34a406986bcc_FRM_000920_of_001410.txt
315,5580b01f-8857-4705-8106-34a406986bcc_FRM_001320_of_001410.jpg,5580b01f-8857-4705-8106-34a406986bcc_FRM_001320_of_001410.txt
316,60279296-34c2-4b0c-8741-541cbdfb66d0_FRM_006290_of_016270.jpg,60279296-34c2-4b0c-8741-541cbdfb66d0_FRM_006290_of_016270.txt
317,60279296-34c2-4b0c-8741-541cbdfb66d0_FRM_006610_of_016270.jpg,60279296-34c2-4b0c-8741-541cbdfb66d0_FRM_006610_of_016270.txt
318,60279296-34c2-4b0c-8741-541cbdfb66d0_FRM_006780_of_016270.jpg,60279296-34c2-4b0c-8741-541cbdfb66d0_FRM_006780_of_016270.txt
319,60279296-34c2-4b0c-8741-541cbdfb66d0_FRM_007630_of_016270.jpg,60279296-34c2-4b0c-8741-541cbdfb66d0_FRM_007630_of_016270.txt
320,60279296-34c2-4b0c-8741-541cbdfb66d0_FRM_008080_of_016270.jpg,60279296-34c2-4b0c-8741-541cbdfb66d0_FRM_008080_of_016270.txt
321,60279296-34c2-4b0c-8741-541cbdfb66d0_FRM_009380_of_016270.jpg,60279296-34c2-4b0c-8741-541cbdfb66d0_FRM_009380_of_016270.txt
322,60279296-34c2-4b0c-8741-541cbdfb66d0_FRM_009610_of_016270.jpg,60279296-34c2-4b0c-8741-541cbdfb66d0_FRM_009610_of_016270.txt
323,60279296-34c2-4b0c-8741-541cbdfb66d0_FRM_010000_of_016270.jpg,60279296-34c2-4b0c-8741-541cbdfb66d0_FRM_010000_of_016270.txt
324,60279296-34c2-4b0c-8741-541cbdfb66d0_FRM_010180_of_016270.jpg,60279296-34c2-4b0c-8741-541cbdfb66d0_FRM_010180_of_016270.txt
325,60279296-34c2-4b0c-8741-541cbdfb66d0_FRM_010540_of_016270.jpg,60279296-34c2-4b0c-8741-541cbdfb66d0_FRM_010540_of_016270.txt
326,60279296-34c2-4b0c-8741-541cbdfb66d0_FRM_010790_of_016270.jpg,60279296-34c2-4b0c-8741-541cbdfb66d0_FRM_010790_of_016270.txt
327,60279296-34c2-4b0c-8741-541cbdfb66d0_FRM_010910_of_016270.jpg,60279296-34c2-4b0c-8741-541cbdfb66d0_FRM_010910_of_016270.txt
328,60279296-34c2-4b0c-8741-541cbdfb66d0_FRM_011090_of_016270.jpg,60279296-34c2-4b0c-8741-541cbdfb66d0_FRM_011090_of_016270.txt
329,60279296-34c2-4b0c-8741-541cbdfb66d0_FRM_011370_of_016270.jpg,60279296-34c2-4b0c-8741-541cbdfb66d0_FRM_011370_of_016270.txt
330,60279296-34c2-4b0c-8741-541cbdfb66d0_FRM_011570_of_016270.jpg,60279296-34c2-4b0c-8741-541cbdfb66d0_FRM_011570_of_016270.txt
331,60279296-34c2-4b0c-8741-541cbdfb66d0_FRM_012380_of_016270.jpg,60279296-34c2-4b0c-8741-541cbdfb66d0_FRM_012380_of_016270.txt
332,63369dcd-d9cf-4fb1-99d3-be9d2d0191c6_FRM_000180_of_003086.jpg,63369dcd-d9cf-4fb1-99d3-be9d2d0191c6_FRM_000180_of_003086.txt
333,63369dcd-d9cf-4fb1-99d3-be9d2d0191c6_FRM_001060_of_003086.jpg,63369dcd-d9cf-4fb1-99d3-be9d2d0191c6_FRM_001060_of_003086.txt
334,63369dcd-d9cf-4fb1-99d3-be9d2d0191c6_FRM_001400_of_003086.jpg,63369dcd-d9cf-4fb1-99d3-be9d2d0191c6_FRM_001400_of_003086.txt
335,692aa6a8-7377-46c5-8463-5f50b5ddbbb0_FRM_000000_of_005006.jpg,692aa6a8-7377-46c5-8463-5f50b5ddbbb0_FRM_000000_of_005006.txt
336,692aa6a8-7377-46c5-8463-5f50b5ddbbb0_FRM_000120_of_005006.jpg,692aa6a8-7377-46c5-8463-5f50b5ddbbb0_FRM_000120_of_005006.txt
337,692aa6a8-7377-46c5-8463-5f50b5ddbbb0_FRM_000220_of_005006.jpg,692aa6a8-7377-46c5-8463-5f50b5ddbbb0_FRM_000220_of_005006.txt
338,692aa6a8-7377-46c5-8463-5f50b5ddbbb0_FRM_000380_of_005006.jpg,692aa6a8-7377-46c5-8463-5f50b5ddbbb0_FRM_000380_of_005006.txt
339,692aa6a8-7377-46c5-8463-5f50b5ddbbb0_FRM_000800_of_005006.jpg,692aa6a8-7377-46c5-8463-5f50b5ddbbb0_FRM_000800_of_005006.txt
340,692aa6a8-7377-46c5-8463-5f50b5ddbbb0_FRM_001080_of_005006.jpg,692aa6a8-7377-46c5-8463-5f50b5ddbbb0_FRM_001080_of_005006.txt
341,692aa6a8-7377-46c5-8463-5f50b5ddbbb0_FRM_001180_of_005006.jpg,692aa6a8-7377-46c5-8463-5f50b5ddbbb0_FRM_001180_of_005006.txt
342,692aa6a8-7377-46c5-8463-5f50b5ddbbb0_FRM_001380_of_005006.jpg,692aa6a8-7377-46c5-8463-5f50b5ddbbb0_FRM_001380_of_005006.txt
343,692aa6a8-7377-46c5-8463-5f50b5ddbbb0_FRM_001440_of_005006.jpg,692aa6a8-7377-46c5-8463-5f50b5ddbbb0_FRM_001440_of_005006.txt
344,692aa6a8-7377-46c5-8463-5f50b5ddbbb0_FRM_001640_of_005006.jpg,692aa6a8-7377-46c5-8463-5f50b5ddbbb0_FRM_001640_of_005006.txt
345,692aa6a8-7377-46c5-8463-5f50b5ddbbb0_FRM_001660_of_005006.jpg,692aa6a8-7377-46c5-8463-5f50b5ddbbb0_FRM_001660_of_005006.txt
346,692aa6a8-7377-46c5-8463-5f50b5ddbbb0_FRM_002300_of_005006.jpg,692aa6a8-7377-46c5-8463-5f50b5ddbbb0_FRM_002300_of_005006.txt
347,692aa6a8-7377-46c5-8463-5f50b5ddbbb0_FRM_002400_of_005006.jpg,692aa6a8-7377-46c5-8463-5f50b5ddbbb0_FRM_002400_of_005006.txt
348,692aa6a8-7377-46c5-8463-5f50b5ddbbb0_FRM_003360_of_005006.jpg,692aa6a8-7377-46c5-8463-5f50b5ddbbb0_FRM_003360_of_005006.txt
349,692aa6a8-7377-46c5-8463-5f50b5ddbbb0_FRM_003380_of_005006.jpg,692aa6a8-7377-46c5-8463-5f50b5ddbbb0_FRM_003380_of_005006.txt
350,692aa6a8-7377-46c5-8463-5f50b5ddbbb0_FRM_003740_of_005006.jpg,692aa6a8-7377-46c5-8463-5f50b5ddbbb0_FRM_003740_of_005006.txt
351,692aa6a8-7377-46c5-8463-5f50b5ddbbb0_FRM_004020_of_005006.jpg,692aa6a8-7377-46c5-8463-5f50b5ddbbb0_FRM_004020_of_005006.txt
352,692aa6a8-7377-46c5-8463-5f50b5ddbbb0_FRM_004100_of_005006.jpg,692aa6a8-7377-46c5-8463-5f50b5ddbbb0_FRM_004100_of_005006.txt
353,692aa6a8-7377-46c5-8463-5f50b5ddbbb0_FRM_004180_of_005006.jpg,692aa6a8-7377-46c5-8463-5f50b5ddbbb0_FRM_004180_of_005006.txt
354,692aa6a8-7377-46c5-8463-5f50b5ddbbb0_FRM_004280_of_005006.jpg,692aa6a8-7377-46c5-8463-5f50b5ddbbb0_FRM_004280_of_005006.txt
355,692aa6a8-7377-46c5-8463-5f50b5ddbbb0_FRM_004760_of_005006.jpg,692aa6a8-7377-46c5-8463-5f50b5ddbbb0_FRM_004760_of_005006.txt
356,72917e63-6356-4cfd-8b5e-1a9c4e0e1822_FRM_000140_of_010862.jpg,72917e63-6356-4cfd-8b5e-1a9c4e0e1822_FRM_000140_of_010862.txt
357,72917e63-6356-4cfd-8b5e-1a9c4e0e1822_FRM_000480_of_010862.jpg,72917e63-6356-4cfd-8b5e-1a9c4e0e1822_FRM_000480_of_010862.txt
358,72917e63-6356-4cfd-8b5e-1a9c4e0e1822_FRM_000580_of_010862.jpg,72917e63-6356-4cfd-8b5e-1a9c4e0e1822_FRM_000580_of_010862.txt
359,72917e63-6356-4cfd-8b5e-1a9c4e0e1822_FRM_000620_of_010862.jpg,72917e63-6356-4cfd-8b5e-1a9c4e0e1822_FRM_000620_of_010862.txt
360,72917e63-6356-4cfd-8b5e-1a9c4e0e1822_FRM_000660_of_010862.jpg,72917e63-6356-4cfd-8b5e-1a9c4e0e1822_FRM_000660_of_010862.txt
361,72917e63-6356-4cfd-8b5e-1a9c4e0e1822_FRM_000820_of_010862.jpg,72917e63-6356-4cfd-8b5e-1a9c4e0e1822_FRM_000820_of_010862.txt
362,72917e63-6356-4cfd-8b5e-1a9c4e0e1822_FRM_001100_of_010862.jpg,72917e63-6356-4cfd-8b5e-1a9c4e0e1822_FRM_001100_of_010862.txt
363,72917e63-6356-4cfd-8b5e-1a9c4e0e1822_FRM_001360_of_010862.jpg,72917e63-6356-4cfd-8b5e-1a9c4e0e1822_FRM_001360_of_010862.txt
364,72917e63-6356-4cfd-8b5e-1a9c4e0e1822_FRM_001380_of_010862.jpg,72917e63-6356-4cfd-8b5e-1a9c4e0e1822_FRM_001380_of_010862.txt
365,72917e63-6356-4cfd-8b5e-1a9c4e0e1822_FRM_001740_of_010862.jpg,72917e63-6356-4cfd-8b5e-1a9c4e0e1822_FRM_001740_of_010862.txt
366,72917e63-6356-4cfd-8b5e-1a9c4e0e1822_FRM_002020_of_010862.jpg,72917e63-6356-4cfd-8b5e-1a9c4e0e1822_FRM_002020_of_010862.txt
367,72917e63-6356-4cfd-8b5e-1a9c4e0e1822_FRM_002040_of_010862.jpg,72917e63-6356-4cfd-8b5e-1a9c4e0e1822_FRM_002040_of_010862.txt
368,72917e63-6356-4cfd-8b5e-1a9c4e0e1822_FRM_002680_of_010862.jpg,72917e63-6356-4cfd-8b5e-1a9c4e0e1822_FRM_002680_of_010862.txt
369,72917e63-6356-4cfd-8b5e-1a9c4e0e1822_FRM_002700_of_010862.jpg,72917e63-6356-4cfd-8b5e-1a9c4e0e1822_FRM_002700_of_010862.txt
370,72917e63-6356-4cfd-8b5e-1a9c4e0e1822_FRM_003340_of_010862.jpg,72917e63-6356-4cfd-8b5e-1a9c4e0e1822_FRM_003340_of_010862.txt
371,72917e63-6356-4cfd-8b5e-1a9c4e0e1822_FRM_003620_of_010862.jpg,72917e63-6356-4cfd-8b5e-1a9c4e0e1822_FRM_003620_of_010862.txt
372,72917e63-6356-4cfd-8b5e-1a9c4e0e1822_FRM_003980_of_010862.jpg,72917e63-6356-4cfd-8b5e-1a9c4e0e1822_FRM_003980_of_010862.txt
373,72917e63-6356-4cfd-8b5e-1a9c4e0e1822_FRM_004380_of_010862.jpg,72917e63-6356-4cfd-8b5e-1a9c4e0e1822_FRM_004380_of_010862.txt
374,72917e63-6356-4cfd-8b5e-1a9c4e0e1822_FRM_004420_of_010862.jpg,72917e63-6356-4cfd-8b5e-1a9c4e0e1822_FRM_004420_of_010862.txt
375,72917e63-6356-4cfd-8b5e-1a9c4e0e1822_FRM_005340_of_010862.jpg,72917e63-6356-4cfd-8b5e-1a9c4e0e1822_FRM_005340_of_010862.txt
376,74a2e653-2e2b-4bbc-8c8c-6094e72f0a85_FRM_000140_of_004375.jpg,74a2e653-2e2b-4bbc-8c8c-6094e72f0a85_FRM_000140_of_004375.txt
377,74a2e653-2e2b-4bbc-8c8c-6094e72f0a85_FRM_000620_of_004375.jpg,74a2e653-2e2b-4bbc-8c8c-6094e72f0a85_FRM_000620_of_004375.txt
378,74a2e653-2e2b-4bbc-8c8c-6094e72f0a85_FRM_001420_of_004375.jpg,74a2e653-2e2b-4bbc-8c8c-6094e72f0a85_FRM_001420_of_004375.txt
379,74a2e653-2e2b-4bbc-8c8c-6094e72f0a85_FRM_002440_of_004375.jpg,74a2e653-2e2b-4bbc-8c8c-6094e72f0a85_FRM_002440_of_004375.txt
380,74a2e653-2e2b-4bbc-8c8c-6094e72f0a85_FRM_002460_of_004375.jpg,74a2e653-2e2b-4bbc-8c8c-6094e72f0a85_FRM_002460_of_004375.txt
381,74a2e653-2e2b-4bbc-8c8c-6094e72f0a85_FRM_002500_of_004375.jpg,74a2e653-2e2b-4bbc-8c8c-6094e72f0a85_FRM_002500_of_004375.txt
382,74a2e653-2e2b-4bbc-8c8c-6094e72f0a85_FRM_003540_of_004375.jpg,74a2e653-2e2b-4bbc-8c8c-6094e72f0a85_FRM_003540_of_004375.txt
383,754b2643-cf9d-46b0-acc0-ecfb749196e0_FRM_000000_of_022862.jpg,754b2643-cf9d-46b0-acc0-ecfb749196e0_FRM_000000_of_022862.txt
384,754b2643-cf9d-46b0-acc0-ecfb749196e0_FRM_000460_of_022862.jpg,754b2643-cf9d-46b0-acc0-ecfb749196e0_FRM_000460_of_022862.txt
385,754b2643-cf9d-46b0-acc0-ecfb749196e0_FRM_001160_of_022862.jpg,754b2643-cf9d-46b0-acc0-ecfb749196e0_FRM_001160_of_022862.txt
386,754b2643-cf9d-46b0-acc0-ecfb749196e0_FRM_001680_of_022862.jpg,754b2643-cf9d-46b0-acc0-ecfb749196e0_FRM_001680_of_022862.txt
387,754b2643-cf9d-46b0-acc0-ecfb749196e0_FRM_003560_of_022862.jpg,754b2643-cf9d-46b0-acc0-ecfb749196e0_FRM_003560_of_022862.txt
388,754b2643-cf9d-46b0-acc0-ecfb749196e0_FRM_004200_of_022862.jpg,754b2643-cf9d-46b0-acc0-ecfb749196e0_FRM_004200_of_022862.txt
389,754b2643-cf9d-46b0-acc0-ecfb749196e0_FRM_005100_of_022862.jpg,754b2643-cf9d-46b0-acc0-ecfb749196e0_FRM_005100_of_022862.txt
390,754b2643-cf9d-46b0-acc0-ecfb749196e0_FRM_006780_of_022862.jpg,754b2643-cf9d-46b0-acc0-ecfb749196e0_FRM_006780_of_022862.txt
391,754b2643-cf9d-46b0-acc0-ecfb749196e0_FRM_007260_of_022862.jpg,754b2643-cf9d-46b0-acc0-ecfb749196e0_FRM_007260_of_022862.txt
392,754b2643-cf9d-46b0-acc0-ecfb749196e0_FRM_008420_of_022862.jpg,754b2643-cf9d-46b0-acc0-ecfb749196e0_FRM_008420_of_022862.txt
393,754b2643-cf9d-46b0-acc0-ecfb749196e0_FRM_009160_of_022862.jpg,754b2643-cf9d-46b0-acc0-ecfb749196e0_FRM_009160_of_022862.txt
394,754b2643-cf9d-46b0-acc0-ecfb749196e0_FRM_012460_of_022862.jpg,754b2643-cf9d-46b0-acc0-ecfb749196e0_FRM_012460_of_022862.txt
395,754b2643-cf9d-46b0-acc0-ecfb749196e0_FRM_013100_of_022862.jpg,754b2643-cf9d-46b0-acc0-ecfb749196e0_FRM_013100_of_022862.txt
396,754b2643-cf9d-46b0-acc0-ecfb749196e0_FRM_013460_of_022862.jpg,754b2643-cf9d-46b0-acc0-ecfb749196e0_FRM_013460_of_022862.txt
397,754b2643-cf9d-46b0-acc0-ecfb749196e0_FRM_013940_of_022862.jpg,754b2643-cf9d-46b0-acc0-ecfb749196e0_FRM_013940_of_022862.txt
398,754b2643-cf9d-46b0-acc0-ecfb749196e0_FRM_013960_of_022862.jpg,754b2643-cf9d-46b0-acc0-ecfb749196e0_FRM_013960_of_022862.txt
399,754b2643-cf9d-46b0-acc0-ecfb749196e0_FRM_014060_of_022862.jpg,754b2643-cf9d-46b0-acc0-ecfb749196e0_FRM_014060_of_022862.txt
400,754b2643-cf9d-46b0-acc0-ecfb749196e0_FRM_014160_of_022862.jpg,754b2643-cf9d-46b0-acc0-ecfb749196e0_FRM_014160_of_022862.txt
401,754b2643-cf9d-46b0-acc0-ecfb749196e0_FRM_014260_of_022862.jpg,754b2643-cf9d-46b0-acc0-ecfb749196e0_FRM_014260_of_022862.txt
402,754b2643-cf9d-46b0-acc0-ecfb749196e0_FRM_014620_of_022862.jpg,754b2643-cf9d-46b0-acc0-ecfb749196e0_FRM_014620_of_022862.txt
403,754b2643-cf9d-46b0-acc0-ecfb749196e0_FRM_015360_of_022862.jpg,754b2643-cf9d-46b0-acc0-ecfb749196e0_FRM_015360_of_022862.txt
404,754b2643-cf9d-46b0-acc0-ecfb749196e0_FRM_016980_of_022862.jpg,754b2643-cf9d-46b0-acc0-ecfb749196e0_FRM_016980_of_022862.txt
405,754b2643-cf9d-46b0-acc0-ecfb749196e0_FRM_017360_of_022862.jpg,754b2643-cf9d-46b0-acc0-ecfb749196e0_FRM_017360_of_022862.txt
406,754b2643-cf9d-46b0-acc0-ecfb749196e0_FRM_018580_of_022862.jpg,754b2643-cf9d-46b0-acc0-ecfb749196e0_FRM_018580_of_022862.txt
407,754b2643-cf9d-46b0-acc0-ecfb749196e0_FRM_019660_of_022862.jpg,754b2643-cf9d-46b0-acc0-ecfb749196e0_FRM_019660_of_022862.txt
408,754b2643-cf9d-46b0-acc0-ecfb749196e0_FRM_020160_of_022862.jpg,754b2643-cf9d-46b0-acc0-ecfb749196e0_FRM_020160_of_022862.txt
409,754b2643-cf9d-46b0-acc0-ecfb749196e0_FRM_020500_of_022862.jpg,754b2643-cf9d-46b0-acc0-ecfb749196e0_FRM_020500_of_022862.txt
410,754b2643-cf9d-46b0-acc0-ecfb749196e0_FRM_020760_of_022862.jpg,754b2643-cf9d-46b0-acc0-ecfb749196e0_FRM_020760_of_022862.txt
411,754b2643-cf9d-46b0-acc0-ecfb749196e0_FRM_021000_of_022862.jpg,754b2643-cf9d-46b0-acc0-ecfb749196e0_FRM_021000_of_022862.txt
412,754b2643-cf9d-46b0-acc0-ecfb749196e0_FRM_021260_of_022862.jpg,754b2643-cf9d-46b0-acc0-ecfb749196e0_FRM_021260_of_022862.txt
413,754b2643-cf9d-46b0-acc0-ecfb749196e0_FRM_021460_of_022862.jpg,754b2643-cf9d-46b0-acc0-ecfb749196e0_FRM_021460_of_022862.txt
414,754b2643-cf9d-46b0-acc0-ecfb749196e0_FRM_022140_of_022862.jpg,754b2643-cf9d-46b0-acc0-ecfb749196e0_FRM_022140_of_022862.txt
415,754b2643-cf9d-46b0-acc0-ecfb749196e0_FRM_022380_of_022862.jpg,754b2643-cf9d-46b0-acc0-ecfb749196e0_FRM_022380_of_022862.txt
416,754b2643-cf9d-46b0-acc0-ecfb749196e0_FRM_022600_of_022862.jpg,754b2643-cf9d-46b0-acc0-ecfb749196e0_FRM_022600_of_022862.txt
417,999d6612-b44d-420c-a70b-d9d6d088dae8_FRM_000400_of_000432.jpg,999d6612-b44d-420c-a70b-d9d6d088dae8_FRM_000400_of_000432.txt
418,a548e8c4-fcd4-4983-b124-d393f6e39276_FRM_001200_of_008872.jpg,a548e8c4-fcd4-4983-b124-d393f6e39276_FRM_001200_of_008872.txt
419,a548e8c4-fcd4-4983-b124-d393f6e39276_FRM_001880_of_008872.jpg,a548e8c4-fcd4-4983-b124-d393f6e39276_FRM_001880_of_008872.txt
420,a548e8c4-fcd4-4983-b124-d393f6e39276_FRM_003040_of_008872.jpg,a548e8c4-fcd4-4983-b124-d393f6e39276_FRM_003040_of_008872.txt
421,a548e8c4-fcd4-4983-b124-d393f6e39276_FRM_005040_of_008872.jpg,a548e8c4-fcd4-4983-b124-d393f6e39276_FRM_005040_of_008872.txt
422,a548e8c4-fcd4-4983-b124-d393f6e39276_FRM_005840_of_008872.jpg,a548e8c4-fcd4-4983-b124-d393f6e39276_FRM_005840_of_008872.txt
423,a548e8c4-fcd4-4983-b124-d393f6e39276_FRM_006400_of_008872.jpg,a548e8c4-fcd4-4983-b124-d393f6e39276_FRM_006400_of_008872.txt
424,a548e8c4-fcd4-4983-b124-d393f6e39276_FRM_006800_of_008872.jpg,a548e8c4-fcd4-4983-b124-d393f6e39276_FRM_006800_of_008872.txt
425,a548e8c4-fcd4-4983-b124-d393f6e39276_FRM_008580_of_008872.jpg,a548e8c4-fcd4-4983-b124-d393f6e39276_FRM_008580_of_008872.txt
426,a548e8c4-fcd4-4983-b124-d393f6e39276_FRM_008780_of_008872.jpg,a548e8c4-fcd4-4983-b124-d393f6e39276_FRM_008780_of_008872.txt
427,b05e6010-8312-48c8-97ea-6858b32b753d_FRM_000320_of_002264.jpg,b05e6010-8312-48c8-97ea-6858b32b753d_FRM_000320_of_002264.txt
428,b05e6010-8312-48c8-97ea-6858b32b753d_FRM_000340_of_002264.jpg,b05e6010-8312-48c8-97ea-6858b32b753d_FRM_000340_of_002264.txt
429,b05e6010-8312-48c8-97ea-6858b32b753d_FRM_000870_of_002264.jpg,b05e6010-8312-48c8-97ea-6858b32b753d_FRM_000870_of_002264.txt
430,b05e6010-8312-48c8-97ea-6858b32b753d_FRM_001650_of_002264.jpg,b05e6010-8312-48c8-97ea-6858b32b753d_FRM_001650_of_002264.txt
431,b05e6010-8312-48c8-97ea-6858b32b753d_FRM_001730_of_002264.jpg,b05e6010-8312-48c8-97ea-6858b32b753d_FRM_001730_of_002264.txt
432,b05e6010-8312-48c8-97ea-6858b32b753d_FRM_002210_of_002264.jpg,b05e6010-8312-48c8-97ea-6858b32b753d_FRM_002210_of_002264.txt
433,b2d31c0f-b140-44c0-846c-7bfee93d0c3b_FRM_000580_of_004339.jpg,b2d31c0f-b140-44c0-846c-7bfee93d0c3b_FRM_000580_of_004339.txt
434,b2d31c0f-b140-44c0-846c-7bfee93d0c3b_FRM_001200_of_004339.jpg,b2d31c0f-b140-44c0-846c-7bfee93d0c3b_FRM_001200_of_004339.txt
435,b4d2b02c-ce2d-4808-896e-1b0d1ca806c2_FRM_007960_of_036004.jpg,b4d2b02c-ce2d-4808-896e-1b0d1ca806c2_FRM_007960_of_036004.txt
436,b4d2b02c-ce2d-4808-896e-1b0d1ca806c2_FRM_010320_of_036004.jpg,b4d2b02c-ce2d-4808-896e-1b0d1ca806c2_FRM_010320_of_036004.txt
437,b4d2b02c-ce2d-4808-896e-1b0d1ca806c2_FRM_012460_of_036004.jpg,b4d2b02c-ce2d-4808-896e-1b0d1ca806c2_FRM_012460_of_036004.txt
438,b4d2b02c-ce2d-4808-896e-1b0d1ca806c2_FRM_013300_of_036004.jpg,b4d2b02c-ce2d-4808-896e-1b0d1ca806c2_FRM_013300_of_036004.txt
439,b4d2b02c-ce2d-4808-896e-1b0d1ca806c2_FRM_014380_of_036004.jpg,b4d2b02c-ce2d-4808-896e-1b0d1ca806c2_FRM_014380_of_036004.txt
440,b4d2b02c-ce2d-4808-896e-1b0d1ca806c2_FRM_020560_of_036004.jpg,b4d2b02c-ce2d-4808-896e-1b0d1ca806c2_FRM_020560_of_036004.txt
441,bf50f7c5-1800-46bd-ab3c-d88b49a4c1b5_FRM_007880_of_009068.jpg,bf50f7c5-1800-46bd-ab3c-d88b49a4c1b5_FRM_007880_of_009068.txt
442,bf50f7c5-1800-46bd-ab3c-d88b49a4c1b5_FRM_007920_of_009068.jpg,bf50f7c5-1800-46bd-ab3c-d88b49a4c1b5_FRM_007920_of_009068.txt
443,bf50f7c5-1800-46bd-ab3c-d88b49a4c1b5_FRM_008400_of_009068.jpg,bf50f7c5-1800-46bd-ab3c-d88b49a4c1b5_FRM_008400_of_009068.txt
444,bf50f7c5-1800-46bd-ab3c-d88b49a4c1b5_FRM_008420_of_009068.jpg,bf50f7c5-1800-46bd-ab3c-d88b49a4c1b5_FRM_008420_of_009068.txt
445,bf50f7c5-1800-46bd-ab3c-d88b49a4c1b5_FRM_008800_of_009068.jpg,bf50f7c5-1800-46bd-ab3c-d88b49a4c1b5_FRM_008800_of_009068.txt
446,c6f3bbee-8474-4f0b-aea1-eeb4a50fc805_FRM_000210_of_000594.jpg,c6f3bbee-8474-4f0b-aea1-eeb4a50fc805_FRM_000210_of_000594.txt
447,c7c41161-488c-41f9-ab61-68242d4f702a_FRM_000420_of_000941.jpg,c7c41161-488c-41f9-ab61-68242d4f702a_FRM_000420_of_000941.txt
448,c7c41161-488c-41f9-ab61-68242d4f702a_FRM_000660_of_000941.jpg,c7c41161-488c-41f9-ab61-68242d4f702a_FRM_000660_of_000941.txt
449,c7c41161-488c-41f9-ab61-68242d4f702a_FRM_000680_of_000941.jpg,c7c41161-488c-41f9-ab61-68242d4f702a_FRM_000680_of_000941.txt
450,c7c41161-488c-41f9-ab61-68242d4f702a_FRM_000800_of_000941.jpg,c7c41161-488c-41f9-ab61-68242d4f702a_FRM_000800_of_000941.txt
451,c7c41161-488c-41f9-ab61-68242d4f702a_FRM_000940_of_000941.jpg,c7c41161-488c-41f9-ab61-68242d4f702a_FRM_000940_of_000941.txt
452,c954dfe1-471b-4d80-980f-c47359264a06_FRM_000020_of_000254.jpg,c954dfe1-471b-4d80-980f-c47359264a06_FRM_000020_of_000254.txt
453,d2cb3526-bb49-4741-b307-45c2a8cfd02c_FRM_000000_of_000113.jpg,d2cb3526-bb49-4741-b307-45c2a8cfd02c_FRM_000000_of_000113.txt
454,d2cb3526-bb49-4741-b307-45c2a8cfd02c_FRM_000030_of_000113.jpg,d2cb3526-bb49-4741-b307-45c2a8cfd02c_FRM_000030_of_000113.txt
455,d2cb3526-bb49-4741-b307-45c2a8cfd02c_FRM_000040_of_000113.jpg,d2cb3526-bb49-4741-b307-45c2a8cfd02c_FRM_000040_of_000113.txt
456,d2cb3526-bb49-4741-b307-45c2a8cfd02c_FRM_000110_of_000113.jpg,d2cb3526-bb49-4741-b307-45c2a8cfd02c_FRM_000110_of_000113.txt
457,d2fb6c71-6c32-432a-863e-602e5e9af495_FRM_000240_of_009016.jpg,d2fb6c71-6c32-432a-863e-602e5e9af495_FRM_000240_of_009016.txt
458,d2fb6c71-6c32-432a-863e-602e5e9af495_FRM_002040_of_009016.jpg,d2fb6c71-6c32-432a-863e-602e5e9af495_FRM_002040_of_009016.txt
459,d2fb6c71-6c32-432a-863e-602e5e9af495_FRM_002730_of_009016.jpg,d2fb6c71-6c32-432a-863e-602e5e9af495_FRM_002730_of_009016.txt
460,d2fb6c71-6c32-432a-863e-602e5e9af495_FRM_002910_of_009016.jpg,d2fb6c71-6c32-432a-863e-602e5e9af495_FRM_002910_of_009016.txt
461,d2fb6c71-6c32-432a-863e-602e5e9af495_FRM_004650_of_009016.jpg,d2fb6c71-6c32-432a-863e-602e5e9af495_FRM_004650_of_009016.txt
462,d2fb6c71-6c32-432a-863e-602e5e9af495_FRM_005010_of_009016.jpg,d2fb6c71-6c32-432a-863e-602e5e9af495_FRM_005010_of_009016.txt
463,d2fb6c71-6c32-432a-863e-602e5e9af495_FRM_005970_of_009016.jpg,d2fb6c71-6c32-432a-863e-602e5e9af495_FRM_005970_of_009016.txt
464,d30cc8b1-ea54-4d5b-8792-6bc6d6934a75_FRM_000240_of_003254.jpg,d30cc8b1-ea54-4d5b-8792-6bc6d6934a75_FRM_000240_of_003254.txt
465,d30cc8b1-ea54-4d5b-8792-6bc6d6934a75_FRM_000800_of_003254.jpg,d30cc8b1-ea54-4d5b-8792-6bc6d6934a75_FRM_000800_of_003254.txt
466,d30cc8b1-ea54-4d5b-8792-6bc6d6934a75_FRM_001580_of_003254.jpg,d30cc8b1-ea54-4d5b-8792-6bc6d6934a75_FRM_001580_of_003254.txt
467,d30cc8b1-ea54-4d5b-8792-6bc6d6934a75_FRM_001660_of_003254.jpg,d30cc8b1-ea54-4d5b-8792-6bc6d6934a75_FRM_001660_of_003254.txt
468,d30cc8b1-ea54-4d5b-8792-6bc6d6934a75_FRM_001780_of_003254.jpg,d30cc8b1-ea54-4d5b-8792-6bc6d6934a75_FRM_001780_of_003254.txt
469,d30cc8b1-ea54-4d5b-8792-6bc6d6934a75_FRM_002400_of_003254.jpg,d30cc8b1-ea54-4d5b-8792-6bc6d6934a75_FRM_002400_of_003254.txt
470,d30cc8b1-ea54-4d5b-8792-6bc6d6934a75_FRM_002640_of_003254.jpg,d30cc8b1-ea54-4d5b-8792-6bc6d6934a75_FRM_002640_of_003254.txt
471,d30cc8b1-ea54-4d5b-8792-6bc6d6934a75_FRM_002920_of_003254.jpg,d30cc8b1-ea54-4d5b-8792-6bc6d6934a75_FRM_002920_of_003254.txt
472,d7c24b59-2f57-4ca6-b5d8-db14a37cf5a4_FRM_000000_of_004634.jpg,d7c24b59-2f57-4ca6-b5d8-db14a37cf5a4_FRM_000000_of_004634.txt
473,d7c24b59-2f57-4ca6-b5d8-db14a37cf5a4_FRM_000500_of_004634.jpg,d7c24b59-2f57-4ca6-b5d8-db14a37cf5a4_FRM_000500_of_004634.txt
474,d7c24b59-2f57-4ca6-b5d8-db14a37cf5a4_FRM_000680_of_004634.jpg,d7c24b59-2f57-4ca6-b5d8-db14a37cf5a4_FRM_000680_of_004634.txt
475,d7c24b59-2f57-4ca6-b5d8-db14a37cf5a4_FRM_001520_of_004634.jpg,d7c24b59-2f57-4ca6-b5d8-db14a37cf5a4_FRM_001520_of_004634.txt
476,d7c24b59-2f57-4ca6-b5d8-db14a37cf5a4_FRM_002220_of_004634.jpg,d7c24b59-2f57-4ca6-b5d8-db14a37cf5a4_FRM_002220_of_004634.txt
477,d7c24b59-2f57-4ca6-b5d8-db14a37cf5a4_FRM_002360_of_004634.jpg,d7c24b59-2f57-4ca6-b5d8-db14a37cf5a4_FRM_002360_of_004634.txt
478,d7c24b59-2f57-4ca6-b5d8-db14a37cf5a4_FRM_002740_of_004634.jpg,d7c24b59-2f57-4ca6-b5d8-db14a37cf5a4_FRM_002740_of_004634.txt
479,d7c24b59-2f57-4ca6-b5d8-db14a37cf5a4_FRM_002840_of_004634.jpg,d7c24b59-2f57-4ca6-b5d8-db14a37cf5a4_FRM_002840_of_004634.txt
480,d7c24b59-2f57-4ca6-b5d8-db14a37cf5a4_FRM_003620_of_004634.jpg,d7c24b59-2f57-4ca6-b5d8-db14a37cf5a4_FRM_003620_of_004634.txt
481,dcc3a158-e2c8-4f3d-9bdd-a9a2c1b1790f_FRM_000040_of_000668.jpg,dcc3a158-e2c8-4f3d-9bdd-a9a2c1b1790f_FRM_000040_of_000668.txt
482,e16d8d80-7854-4960-ad82-a1c3cd7cf8a4_FRM_000060_of_000496.jpg,e16d8d80-7854-4960-ad82-a1c3cd7cf8a4_FRM_000060_of_000496.txt
483,"Rana, Mannat May 24, 2023 03.18.54 PM Surgery.jpg","Rana, Mannat May 24, 2023 03.18.54 PM Surgery.txt"
484,"Rana, Mannat May 24, 2023 03.18.55 PM Surgery.jpg","Rana, Mannat May 24, 2023 03.18.55 PM Surgery.txt"
485,"Rana, Mannat May 24, 2023 03.18.56 PM Surgery.jpg","Rana, Mannat May 24, 2023 03.18.56 PM Surgery.txt"
486,"Rana, Mannat May 24, 2023 03.19.00 PM Surgery.jpg","Rana, Mannat May 24, 2023 03.19.00 PM Surgery.txt"
487,"Rana, Mannat May 24, 2023 03.19.19 PM Surgery.jpg","Rana, Mannat May 24, 2023 03.19.19 PM Surgery.txt"
488,"Rana, Mannat May 24, 2023 03.19.21 PM Surgery.jpg","Rana, Mannat May 24, 2023 03.19.21 PM Surgery.txt"
489,"Rana, Mannat May 24, 2023 03.19.22 PM Surgery.jpg","Rana, Mannat May 24, 2023 03.19.22 PM Surgery.txt"
490,"Rana, Mannat May 24, 2023 03.19.24 PM Surgery.jpg","Rana, Mannat May 24, 2023 03.19.24 PM Surgery.txt"
491,"Rana, Mannat May 24, 2023 03.19.25 PM Surgery.jpg","Rana, Mannat May 24, 2023 03.19.25 PM Surgery.txt"
492,"Rana, Mannat May 24, 2023 03.19.28 PM Surgery.jpg","Rana, Mannat May 24, 2023 03.19.28 PM Surgery.txt"
493,"Rana, Mannat May 24, 2023 03.19.29 PM Surgery.jpg","Rana, Mannat May 24, 2023 03.19.29 PM Surgery.txt"
494,"Rana, Mannat May 24, 2023 03.19.30 PM Surgery.jpg","Rana, Mannat May 24, 2023 03.19.30 PM Surgery.txt"
495,"Rana, Mannat May 24, 2023 03.19.32 PM Surgery.jpg","Rana, Mannat May 24, 2023 03.19.32 PM Surgery.txt"
496,"Rana, Mannat May 24, 2023 03.19.33 PM Surgery.jpg","Rana, Mannat May 24, 2023 03.19.33 PM Surgery.txt"
497,"Rana, Mannat May 24, 2023 03.19.34 PM Surgery.jpg","Rana, Mannat May 24, 2023 03.19.34 PM Surgery.txt"
498,"Rana, Mannat May 24, 2023 03.19.36 PM Surgery.jpg","Rana, Mannat May 24, 2023 03.19.36 PM Surgery.txt"
499,"Rana, Mannat May 24, 2023 03.19.49 PM Surgery.jpg","Rana, Mannat May 24, 2023 03.19.49 PM Surgery.txt"
500,"Rana, Mannat May 24, 2023 03.19.55 PM Surgery.jpg","Rana, Mannat May 24, 2023 03.19.55 PM Surgery.txt"
501,"Rana, Mannat May 24, 2023 03.19.57 PM Surgery.jpg","Rana, Mannat May 24, 2023 03.19.57 PM Surgery.txt"
502,"Rana, Mannat May 24, 2023 03.19.58 PM Surgery.jpg","Rana, Mannat May 24, 2023 03.19.58 PM Surgery.txt"
503,"Rana, Mannat May 24, 2023 03.19.59 PM Surgery.jpg","Rana, Mannat May 24, 2023 03.19.59 PM Surgery.txt"
504,"Rana, Mannat May 24, 2023 03.20.00 PM Surgery.jpg","Rana, Mannat May 24, 2023 03.20.00 PM Surgery.txt"
505,"Rana, Mannat May 24, 2023 03.20.02 PM Surgery.jpg","Rana, Mannat May 24, 2023 03.20.02 PM Surgery.txt"
506,"Rana, Mannat May 24, 2023 03.20.03 PM Surgery.jpg","Rana, Mannat May 24, 2023 03.20.03 PM Surgery.txt"
507,"Rana, Mannat May 24, 2023 03.20.04 PM Surgery.jpg","Rana, Mannat May 24, 2023 03.20.04 PM Surgery.txt"
508,"Rana, Mannat May 24, 2023 03.20.06 PM Surgery.jpg","Rana, Mannat May 24, 2023 03.20.06 PM Surgery.txt"
509,"Rana, Mannat May 24, 2023 03.20.07 PM Surgery.jpg","Rana, Mannat May 24, 2023 03.20.07 PM Surgery.txt"
510,"Rana, Mannat May 24, 2023 03.20.08 PM Surgery.jpg","Rana, Mannat May 24, 2023 03.20.08 PM Surgery.txt"
511,"Rana, Mannat May 24, 2023 03.20.10 PM Surgery.jpg","Rana, Mannat May 24, 2023 03.20.10 PM Surgery.txt"
512,"Rana, Mannat May 24, 2023 03.20.11 PM Surgery.jpg","Rana, Mannat May 24, 2023 03.20.11 PM Surgery.txt"
513,"Rana, Mannat May 24, 2023 03.20.33 PM Surgery.jpg","Rana, Mannat May 24, 2023 03.20.33 PM Surgery.txt"
514,"Rana, Mannat May 24, 2023 03.20.35 PM Surgery.jpg","Rana, Mannat May 24, 2023 03.20.35 PM Surgery.txt"
515,"Rana, Mannat May 24, 2023 03.20.36 PM Surgery.jpg","Rana, Mannat May 24, 2023 03.20.36 PM Surgery.txt"
516,"Rana, Mannat May 24, 2023 03.20.43 PM Surgery.jpg","Rana, Mannat May 24, 2023 03.20.43 PM Surgery.txt"
517,"Rana, Mannat May 24, 2023 03.20.44 PM Surgery.jpg","Rana, Mannat May 24, 2023 03.20.44 PM Surgery.txt"
518,"Rana, Mannat May 24, 2023 03.20.45 PM Surgery.jpg","Rana, Mannat May 24, 2023 03.20.45 PM Surgery.txt"
519,"Rana, Mannat May 24, 2023 03.20.46 PM Surgery.jpg","Rana, Mannat May 24, 2023 03.20.46 PM Surgery.txt"
520,"Rana, Mannat May 24, 2023 03.20.48 PM Surgery.jpg","Rana, Mannat May 24, 2023 03.20.48 PM Surgery.txt"
521,"Rana, Mannat May 24, 2023 03.20.49 PM Surgery.jpg","Rana, Mannat May 24, 2023 03.20.49 PM Surgery.txt"
522,"Rana, Mannat May 24, 2023 03.20.50 PM Surgery.jpg","Rana, Mannat May 24, 2023 03.20.50 PM Surgery.txt"
523,"Rana, Mannat May 24, 2023 03.20.52 PM Surgery.jpg","Rana, Mannat May 24, 2023 03.20.52 PM Surgery.txt"
524,"Rana, Mannat May 24, 2023 03.20.53 PM Surgery.jpg","Rana, Mannat May 24, 2023 03.20.53 PM Surgery.txt"
525,"Rana, Mannat May 24, 2023 03.20.54 PM Surgery.jpg","Rana, Mannat May 24, 2023 03.20.54 PM Surgery.txt"
526,"Rana, Mannat May 24, 2023 03.20.56 PM Surgery.jpg","Rana, Mannat May 24, 2023 03.20.56 PM Surgery.txt"
527,"Rana, Mannat May 24, 2023 03.20.57 PM Surgery.jpg","Rana, Mannat May 24, 2023 03.20.57 PM Surgery.txt"
528,"Rana, Mannat May 24, 2023 03.21.01 PM Surgery.jpg","Rana, Mannat May 24, 2023 03.21.01 PM Surgery.txt"
529,"Rana, Mannat May 24, 2023 03.21.02 PM Surgery.jpg","Rana, Mannat May 24, 2023 03.21.02 PM Surgery.txt"
530,"Rana, Mannat May 24, 2023 03.21.04 PM Surgery.jpg","Rana, Mannat May 24, 2023 03.21.04 PM Surgery.txt"
531,"Rana, Mannat May 24, 2023 03.21.05 PM Surgery.jpg","Rana, Mannat May 24, 2023 03.21.05 PM Surgery.txt"
532,"Rana, Mannat May 24, 2023 03.21.06 PM Surgery.jpg","Rana, Mannat May 24, 2023 03.21.06 PM Surgery.txt"
533,"Rana, Mannat May 24, 2023 03.21.07 PM Surgery.jpg","Rana, Mannat May 24, 2023 03.21.07 PM Surgery.txt"
534,"Rana, Mannat May 24, 2023 03.21.09 PM Surgery.jpg","Rana, Mannat May 24, 2023 03.21.09 PM Surgery.txt"
535,"Rana, Mannat May 24, 2023 03.21.10 PM Surgery.jpg","Rana, Mannat May 24, 2023 03.21.10 PM Surgery.txt"
536,"Rana, Mannat May 24, 2023 03.21.11 PM Surgery.jpg","Rana, Mannat May 24, 2023 03.21.11 PM Surgery.txt"
537,"Rana, Mannat May 24, 2023 03.21.13 PM Surgery.jpg","Rana, Mannat May 24, 2023 03.21.13 PM Surgery.txt"
538,"Rana, Mannat May 24, 2023 03.21.25 PM Surgery.jpg","Rana, Mannat May 24, 2023 03.21.25 PM Surgery.txt"
539,"Rana, Mannat May 24, 2023 03.21.26 PM Surgery.jpg","Rana, Mannat May 24, 2023 03.21.26 PM Surgery.txt"
540,"Rana, Mannat May 24, 2023 03.21.28 PM Surgery.jpg","Rana, Mannat May 24, 2023 03.21.28 PM Surgery.txt"
541,"Rana, Mannat May 24, 2023 03.21.29 PM Surgery.jpg","Rana, Mannat May 24, 2023 03.21.29 PM Surgery.txt"
542,"Rana, Mannat May 24, 2023 03.21.30 PM Surgery.jpg","Rana, Mannat May 24, 2023 03.21.30 PM Surgery.txt"
